,node,betweenness
0,8265731,0.0006175844815816639
1,77561863,0.004215565846064551
2,248012808,0.0
3,177520651,0.0
4,166297612,0.0061438321082070615
5,13721613,2.1208657512876828e-05
6,28917776,0.0
7,4104209,5.8820526794846897e-05
8,819228,0.0003022667380594125
9,153305119,0.0
10,8172838,0.0
11,1679396,0.0
12,225075312,0.00045052188406317814
13,358146090,0.0
14,377856044,0.0
15,88956978,0.0
16,416579635,0.0007286224137398741
17,15753269,8.439420756284681e-05
18,215900217,0.0
19,15081530,0.0
20,277749821,0.0
21,263782465,0.0009154651183632624
22,61489220,0.006467408017432664
23,84394054,0.0016135513447928654
24,17621065,0.0003280386111595751
25,6758474,0.0
26,230932555,0.00010542038202270441
27,1605717,0.0
28,3047513,2.2214817283127845e-07
29,8912990,0.0
30,457670757,0.0
31,231727206,0.0
32,288743528,0.0
33,147561,0.0
34,329662573,0.0
35,144212080,6.068149560968921e-07
36,76882035,0.0
37,124944506,0.0
38,2621569,0.0003907586360102188
39,99123331,0.0
40,77422724,8.757659513060008e-05
41,143040646,0.0
42,253485196,0.0
43,5824658,3.347659421396961e-06
44,216055957,0.0
45,13451415,0.0
46,372349636,0.0
47,13885595,0.00033248651842869223
48,133857437,0.0
49,183869604,1.6007887775174675e-06
50,251947718,0.0
51,13074599,0.0
52,282905287,0.0
53,253853869,0.0
54,112091312,0.0009713532952715445
55,70820019,0.0
56,148095162,0.0
57,64667837,0.0008236118540062122
58,100106430,0.0003686559841231283
59,457270646,0.0
60,9494730,0.0004306409121439884
61,9404626,3.666588716129005e-05
62,213680339,0.0
63,152461524,0.0
64,622806,0.0
65,80610681,0.0
66,17907748,0.0
67,151601373,0.0028005163405500676
68,96878819,0.0011261345486558779
69,102310119,0.0
70,21889259,0.0
71,96076012,0.0
72,46719215,5.7885182300984345e-05
73,118497523,0.0
74,60178678,0.0021213070882176123
75,243949819,0.0
76,934141,0.00010211041519615102
77,1163518,0.00039075863601021883
78,10592513,0.0
79,378519819,0.0
80,235512078,1.2250519061730757e-06
81,5759249,0.0
82,135237678,0.0
83,17301783,0.0
84,133882136,0.0
85,170713369,6.256686218799636e-07
86,303816987,0.0
87,307181767,0.0
88,3224965,0.00026705494206459454
89,235520288,6.612487404513258e-05
90,1138980,0.006093074824641031
91,6308134,0.004378838739554657
92,177819697,0.0
93,184484136,0.0
94,680234,0.0
95,290788585,0.0
96,358375726,8.483268299208195e-05
97,283331293,0.0
98,310108466,0.0
99,1032502,0.0003907586360102188
100,154247479,0.0
101,220381503,0.0005245114729679667
102,454506969,0.0
103,146858308,0.0
104,29860165,2.903361656610703e-06
105,6111560,0.0014578978957561436
106,70369613,0.00010432755317142045
107,256981329,0.0
108,2777424,0.0
109,2900305,0.0
110,901466,6.651911002287621e-06
111,302793054,0.0014479625472085382
112,261528293,0.0001690441747287531
113,71909728,0.0
114,57139556,0.0
115,385530598,0.0
116,250577256,0.0
117,324788585,2.586251954677596e-05
118,326254954,0.0
119,53780843,7.035049066255354e-05
120,409586782,0.0
121,95674733,0.0
122,164634990,0.0
123,497254771,0.0
124,4358516,7.20307509124014e-06
125,227242046,1.2996185087849247e-06
126,1868150,7.770837215268734e-06
127,180855159,0.0
128,50233720,0.0
129,206856575,0.0
130,474956162,0.0
131,186040709,0.0
132,28664199,0.00046572464675081993
133,433578377,0.00019526824391869377
134,177255730,0.0013043117908617303
135,410249099,0.0002939315521462281
136,270733,0.006032564015160454
137,33145236,0.0
138,173867418,8.410906542073726e-05
139,315659752,0.0003907586360102188
140,74965408,0.0004505647459117058
141,253562003,0.0
142,22184361,0.0004309421623356656
143,2228656,0.000954233804374281
144,547901512,0.0
145,158646713,0.0
146,3622021,2.096641928091821e-05
147,120603078,0.0
148,2720199,0.0
149,225677388,0.0008834033349673883
150,11010509,0.0
151,94052814,9.073877629191172e-05
152,248938961,0.0
153,361759186,5.035245059152908e-05
154,96084435,0.0002306465458281691
155,37265882,0.0
156,9945564,0.0
157,4258554,0.0005199821506840796
158,184877534,2.8505724724153054e-05
159,138895839,0.0
160,6758880,2.329842332190865e-05
161,213475,0.0013383077742007813
162,394220674,0.0006868795073675698
163,22872551,0.0
164,199950824,0.0
165,3260912,0.0
166,2597364,0.0006350547712418742
167,218464758,2.0647492346465878e-05
168,101573113,0.0
169,99951104,0.0
170,8926635,0.0027624632954682433
171,20505094,0.0
172,349053449,0.0024084483442800794
173,17973774,0.0
174,2261519,0.0
175,38109716,0.0
176,253624855,8.915050520851517e-05
177,263012890,0.00017404234411942147
178,31097374,0.0
179,163709471,0.0
180,8593953,0.0
181,329233952,0.0
182,13705770,0.0
183,14647853,0.0
184,2335281,0.0
185,39576114,0.0
186,198042165,0.0
187,454607414,0.0
188,21463619,0.004157351280492748
189,271426117,0.0
190,141066824,0.0
191,356023053,0.0
192,382853719,0.0
193,57746009,0.003020197225947209
194,13001306,0.0
195,20947558,0.0
196,72532584,0.00021534315742613878
197,1884780,0.0
198,301893053,0.0
199,17047657,0.004520583577931572
200,42271353,0.0
201,4886647,0.0
202,179849627,0.0
203,159048318,0.00010032162988610812
204,372572113,0.0
205,13369989,0.0007022494523966723
206,104022662,0.0
207,1311367,0.0030613366220847687
208,5579401,0.0
209,918154,0.0
210,138592090,0.0
211,75752077,0.0
212,1507982,0.0
213,231662224,0.00019333573912659217
214,253534866,0.0
215,458629779,0.0
216,7373462,0.0
217,35168919,0.0
218,183771806,0.0
219,154267760,0.0
220,6374050,2.7581744524322587e-05
221,2146979,0.0003565950312782348
222,228287140,0.0
223,56758385,5.7054224722116634e-05
224,169789955,0.0
225,1049265,0.0
226,56517298,0.0
227,2081459,0.0
228,53732022,0.0033905061163381676
229,76104375,0.002102043901782685
230,66962106,0.0004056141988825281
231,6010315,0.0
232,332112582,0.00011473610895199557
233,17195719,9.36578885401796e-05
234,7553739,0.0
235,365945550,0.0004021745144575164
236,402129,0.0
237,5268178,7.422143893096055e-07
238,319998755,0.0
239,221127384,6.331000121095799e-05
240,22880986,0.000729540202774876
241,260874971,0.0
242,228405370,0.0
243,327912229,0.000307633948285735
244,185565924,9.736523519788389e-06
245,258637722,0.0
246,31335150,4.097517568358832e-06
247,2106095,0.0
248,451044080,0.002725980228812618
249,325083890,0.0
250,991988,0.0004146908313126678
251,226542327,4.966827849937822e-05
252,6931194,0.0
253,21750528,0.00033973569541119345
254,24486657,0.0
255,229966594,0.0004006398963078651
256,9011972,0.0
257,21192833,0.0
258,112886536,0.0003907586360102188
259,459530,2.940724362748113e-06
260,3293963,0.0007831037011182408
261,32744205,0.0
262,463938320,0.0
263,98698001,5.488749446875286e-06
264,296193320,0.0
265,516883,0.00039709020398551284
266,11633428,0.0
267,156072750,0.0
268,7176983,2.333281598084212e-05
269,50414368,0.0
270,359916321,0.0
271,6669091,0.0
272,12477222,4.299915533865364e-05
273,26829615,0.0
274,12026678,0.0003907586360102188
275,8422201,0.00015017113384636668
276,8348478,0.0
277,6267711,4.347619405268043e-05
278,240591680,0.0
279,3932995,6.940263662159719e-05
280,11936582,0.002923635216208542
281,50864977,0.0
282,19391320,0.0
283,296174427,0.0
284,7955292,0.0
285,335586145,0.0
286,112444259,0.0
287,10765158,0.0
288,24617832,2.560525092173785e-06
289,254681961,0.0
290,18277227,0.0
291,4850540,0.0
292,7168878,2.125601160928884e-05
293,1459055,0.0
294,151118704,0.00033805998636829464
295,218289640,0.00027681661041866314
296,85181301,1.6431501725465972e-06
297,19219319,0.0015922037019761412
298,216302457,0.0
299,210764666,0.0
300,57369467,0.0
301,148382588,0.0
302,93045629,5.0284435425378996e-05
303,27968383,1.0056421576653335e-05
304,2391514,0.0
305,213058725,9.59016337910805e-06
306,321209218,4.3352171000636165e-05
307,51397509,0.0
308,7455625,0.0001306643206847994
309,169975959,0.0031023139947309467
310,3849,0.0
311,2761622,2.0193319052125785e-05
312,56591256,0.0
313,141190041,4.790578117043059e-06
314,100041626,7.0899086710617626e-06
315,290595739,0.0003907586360102188
316,301540253,0.0
317,38923077,0.0
318,187057056,0.0003907586360102188
319,248988577,0.0
320,86320039,0.0
321,238314408,0.0
322,10863532,0.0
323,66945965,0.0
324,256209053,0.0
325,180345672,3.089709490203682e-05
326,179078066,2.75545195635943e-06
327,40313779,0.0
328,94520244,0.0
329,21300150,0.0015357706277087948
330,272155575,0.0
331,152462264,0.0
332,92825076,0.0
333,78799802,0.0001494457148350769
334,19276732,0.00707844129042074
335,1516477,0.0
336,2393024,6.368069133990646e-06
337,169403329,0.0010985173103101934
338,168510408,0.0
339,84545699,7.422633158665365e-06
340,21701589,0.0004560179364818309
341,177357782,0.0
342,721879,0.0
343,61236186,0.0010739403870752518
344,65264463,0.0
345,10511325,3.779305283642821e-05
346,36602852,0.0
347,299137707,0.0011289194504049234
348,133440486,0.000783808333645859
349,349856743,0.0
350,26764267,0.0004324585175273132
351,3974137,0.0
352,326170111,0.0
353,338268360,0.0
354,71091198,0.0
355,33375233,0.0
356,9421828,0.0
357,156218881,2.8304140693878486e-05
358,1328136,0.0006536676563379407
359,14861323,0.0
360,4883473,0.0
361,1803282,0.00042314977973729144
362,3220500,0.0
363,16704534,0.0
364,183682071,0.0
365,15909912,0.0
366,9126938,0.002617763487859237
367,256694113,0.0
368,246365203,0.0
369,8995876,0.0
370,369632294,0.00010588764298089087
371,496092199,0.0
372,7496748,0.0
373,394290,5.486153904856158e-06
374,259744820,0.0003941156126580222
375,281142325,0.0
376,136830202,0.0
377,380814394,8.005196081737697e-08
378,244357983,0.0
379,389547069,0.0
380,339305534,0.0
381,172262464,0.0
382,49480773,0.0
383,394028110,2.3044344147740726e-05
384,89031761,0.0
385,20276306,0.0
386,45089876,0.0
387,450643030,0.0
388,9384121,0.0
389,265905240,0.0
390,66511961,0.00039075863601021883
391,3908698,0.0
392,347276380,0.0
393,232637545,0.0
394,402793580,6.5477421475603315e-06
395,35079277,0.0
396,361358446,0.0008674205807687047
397,194774128,5.484916679840074e-06
398,341542002,0.0
399,258212982,5.345050793188273e-05
400,351798391,4.075266454629953e-05
401,459424890,0.0
402,343770238,0.0
403,7644287,0.0
404,2450560,0.0004716692734389568
405,44994752,2.6346490765863794e-05
406,46302339,0.001589019220222986
407,41526405,0.00035656202308697227
408,259933323,0.0008777358192341139
409,471561633,0.0
410,339395731,0.0
411,71165076,0.0
412,13755541,0.0
413,7750807,0.0
414,9405593,0.0
415,155501722,0.0
416,99487,0.0
417,300975268,0.0
418,5637285,1.5580805099147716e-05
419,1967271,0.0
420,12043434,0.0
421,329663659,0.00010684293231208178
422,7005356,0.0
423,14075053,0.0001623787922862203
424,57328814,0.007874026157804165
425,178480303,2.126805750977465e-05
426,156550321,0.0
427,325887155,0.0
428,432211486,0.0
429,273867958,0.0003907586360102188
430,372876473,0.0
431,16245948,0.0007715567067832357
432,261014720,4.282842890002983e-06
433,314737857,0.0
434,270632130,0.00018242724693961015
435,266159306,0.0
436,350980983,4.368473234797326e-05
437,35160889,0.0
438,1115342,1.3618064368017317e-05
439,370279633,0.0
440,182494422,1.863653572703817e-05
441,88238969,0.0
442,60695768,0.0
443,3523801,0.0003907586360102187
444,8234205,0.0
445,54101214,0.0
446,429073632,0.0022111557391819785
447,144778468,0.0
448,771304,0.0
449,80733419,0.0010443341622304852
450,417252593,0.0
451,80241908,0.0004036035222192874
452,361940216,1.3582941884852694e-05
453,226328788,0.0
454,1271036,0.0
455,5080319,3.6193981093127716e-05
456,23528705,4.923654990585934e-06
457,935172,0.0
458,3121366,0.0
459,168830215,0.0
460,10470667,0.0
461,18097420,0.00047860700962323285
462,207316241,0.0
463,10786350,0.0
464,229917979,0.0
465,7832862,0.0
466,110904609,0.00011771223340692661
467,3499301,0.0
468,3310886,0.0
469,11257127,1.877811008289977e-05
470,14837036,0.0
471,2499890,0.0
472,11560244,3.0672974231399145e-06
473,2557240,0.0003907586360102188
474,2819387,0.0005630261946044779
475,56263996,1.6603975165204094e-05
476,362306442,0.0
477,2737471,0.0
478,190711106,0.0
479,3376453,0.0
480,90420791,0.0
481,20473166,0.0
482,182027603,1.0922857077939378e-06
483,17663316,0.0007890149856417366
484,261211478,0.0
485,28067160,4.344782196831038e-05
486,325264733,0.0
487,181069150,0.0015890317266726618
488,264455519,0.0
489,41616745,0.0
490,69043563,0.0005603234292291764
491,230633704,0.0
492,188441970,0.0
493,19015028,0.0
494,267470197,2.5713666966571598e-05
495,927094,7.144966904304521e-05
496,159114616,0.0
497,28198265,2.8953995825131634e-05
498,7390588,0.0
499,164488573,0.0
500,92646293,0.00013867100406180906
501,116336001,0.0
502,225133954,0.0
503,231775126,0.0
504,142648710,0.0
505,5981579,0.0
506,218681581,0.0
507,2303379,0.0
508,1779095,0.0
509,274494276,0.0001046199677554775
510,171328921,6.304441054140696e-07
511,257786095,0.0006832981988130715
512,106440092,0.0
513,14951841,0.0
514,329131428,0.0
515,11473137,0.0
516,20587944,8.717648254948378e-06
517,166684079,0.0004967000021887422
518,24847793,0.0
519,9774518,0.00011003286353921016
520,221727647,0.0
521,109471165,8.389246915700126e-06
522,185935294,6.654926688407309e-06
523,11888064,0.004279695124607998
524,95083424,0.0
525,297526724,0.0
526,199198149,0.0
527,183248328,0.0
528,100902346,0.0
529,171107787,0.00015261235830391648
530,27239884,0.00010316166400336788
531,123413971,0.0
532,226903508,0.0
533,9831896,0.0
534,335005146,0.00031710516686329156
535,60261851,0.0
536,37889500,0.0
537,29484509,0.0
538,411109,0.0
539,278442260,0.0
540,507442769,0.0
541,215247783,0.0
542,479330557,0.0
543,58006440,0.0004162707194211735
544,124519923,0.0
545,787956,0.0
546,104596981,0.0
547,81847801,1.53045158618393e-05
548,77907451,4.442963456625569e-07
549,22906366,0.0
550,32957951,0.0
551,16180741,0.0
552,204023304,0.0012923710007772349
553,135054857,0.0
554,189193133,2.134913336252995e-06
555,238339894,0.003829875618540688
556,68060694,0.000784416993991974
557,1533464,8.821791010680486e-05
558,575002,0.00012463888512642828
559,378398,1.9605300374217584e-05
560,117070671,0.0001742687168647998
561,244934180,0.0
562,75302,0.0
563,13723178,0.0
564,24860253,0.0
565,389098419,0.0002354643502102908
566,417244727,0.0
567,24610362,0.0
568,288319035,0.0
569,935484,6.371484964038593e-06
570,208643646,3.6434200786095934e-06
571,22464064,0.0
572,226346592,0.00018783372579522933
573,163964489,0.0
574,441116236,0.0
575,19686989,0.0
576,251758165,0.0
577,87811674,0.0
578,152045148,0.00048384365654661197
579,64407134,0.009872230227183391
580,43550303,0.0
581,337504,0.0
582,103884386,0.0002949746871310353
583,176162403,0.0
584,197305956,7.189274475544199e-06
585,17507943,0.0006939119287269344
586,21284457,0.0
587,13813357,0.0
588,24839790,0.00031699629008398016
589,6825583,0.0
590,327378545,0.0
591,134973042,1.4353920431649873e-05
592,13977205,0.00031201499682277954
593,3286646,0.0
594,324470377,0.0
595,316810872,0.0
596,3633428,0.00014068803175709422
597,13706874,0.006537372474214342
598,128018047,0.0
599,4368001,0.0
600,334903882,0.0
601,346818182,3.425747236652951e-06
602,325158536,0.0
603,283068042,0.00043859126113219394
604,183334509,0.0
605,198537496,0.00022293143098483302
606,146900626,0.0
607,271173267,8.491355606253927e-06
608,287270872,0.0014530759481106124
609,224519831,0.0
610,145417881,2.677352480660735e-06
611,310871707,4.3590354968561944e-05
612,281335408,0.0
613,47400610,5.313956921287621e-06
614,5670567,0.0
615,8210091,0.0001823569857219438
616,21456556,0.0
617,217392815,2.706916517329612e-06
618,425337118,0.0
619,57763512,0.0
620,2069931,0.0
621,13280958,0.0
622,399982880,0.0003966245031720113
623,329416,0.0
624,316360394,0.0005803121261405354
625,30435019,0.0
626,16369356,6.241274458058555e-06
627,152757965,0.0
628,174853652,1.2732241551673676e-06
629,18867920,0.0
630,510797667,0.0
631,3696339,0.0007644387414205729
632,192251605,1.736771006328264e-05
633,68765399,0.0
634,92800729,0.0
635,240592602,0.0
636,13739747,0.0
637,219875044,9.711046455812967e-05
638,142885158,0.0
639,308160234,0.0
640,235794727,0.0
641,114853612,0.0
642,71166930,0.0
643,64317171,0.0
644,392914676,0.0
645,2377461,0.0
646,375932664,0.0
647,294962938,7.723864438793301e-05
648,207595259,0.0006141161544304227
649,201819902,0.0
650,24790789,2.3903934248193277e-05
651,172287617,0.0
652,11003659,4.590789980264792e-05
653,358819596,0.0
654,1697549,0.01630089440737008
655,363700525,7.623115451037849e-05
656,116501,0.0
657,250619671,0.0
658,53651229,0.00015125919026126174
659,151234334,0.0
660,92022559,0.0
661,32589601,0.0003907586360102188
662,154887970,0.0003295192218101055
663,50841379,0.0
664,7898923,0.0
665,192055087,0.00031464678229281215
666,15951664,0.0005888483537153246
667,197928756,1.476626759069673e-05
668,85403445,0.0022095391321794774
669,30869302,0.0
670,191711036,0.0
671,20743998,0.0
672,500795200,0.0
673,348800834,0.0
674,4204364,0.0
675,1869645,0.0003758843723496711
676,115500887,0.0
677,4772154,0.0
678,249062777,0.0
679,24135522,0.0
680,183035747,0.0007826280221436577
681,174573412,6.582837624537392e-05
682,26265445,0.0
683,8980326,0.0
684,148490087,3.764613418163393e-05
685,280995688,0.0
686,5375852,0.0
687,10096,0.0
688,230213489,0.00022977070904546567
689,36194165,0.00031928743890219277
690,8136572,0.0
691,241190782,0.0001219087137858624
692,240617345,0.00047539102671940607
693,2320260,0.0
694,206145413,0.0006020975799780334
695,234699142,0.0
696,40519559,0.0
697,1058696,0.0007273112618879087
698,23078793,0.0
699,55363467,0.0
700,7686032,0.0
701,231516052,0.0
702,169281434,0.0
703,138790811,0.0006971648519681749
704,247056288,0.0
705,215967713,0.0
706,681896,1.1597288403575234e-06
707,3368874,0.0
708,165803,0.0
709,369641390,0.0
710,171354036,0.0
711,234612664,9.200661610348845e-06
712,197093307,0.0
713,177645501,0.0
714,216311742,0.0
715,8955839,0.0
716,33818560,0.0
717,78153666,0.0
718,139716548,0.0
719,10807237,0.0
720,276916166,0.0
721,227821511,0.0
722,134784968,0.0
723,286246858,0.0007393292598612097
724,141797323,0.0
725,5285836,0.00032051633470012663
726,150669261,9.90922337288005e-05
727,157738961,3.5173262232007854e-05
728,86509522,0.0027880937888689113
729,11732947,0.00013700037183601895
730,36300760,0.0
731,24291295,0.0
732,136308705,0.0
733,133093,0.0005672315560385097
734,2852840,0.0009392106819398547
735,6842345,1.0638230507282595e-06
736,8587242,1.324318101611638e-05
737,345442286,0.0
738,4147183,0.0
739,176523249,0.0
740,135161851,0.0
741,96503804,0.0
742,248612861,0.0
743,4188158,0.0
744,10249,0.0
745,8955914,0.0
746,6531086,0.0
747,81078287,0.0
748,57927073,2.8009257082796534e-05
749,92284947,0.0004127455336072883
750,16328726,0.0
751,147466263,5.018692481362158e-07
752,335644696,0.0
753,254948066,0.0
754,72001563,0.0008388269806841998
755,457730076,0.00034098014532721977
756,65505313,3.4894241111347205e-05
757,22186020,0.0
758,64710693,0.0
759,155276979,2.1119841062996472e-06
760,17131572,0.0
761,2754615,0.0
762,15304761,6.579270498640084e-05
763,132786235,1.5651850954128905e-05
764,253086730,0.00033520933955232587
765,1042495,0.0
766,18901061,0.0
767,40675398,0.0
768,299083847,0.0
769,55167049,0.0011956857387983
770,98306123,0.0
771,2369614,0.0003907586360102188
772,9912,0.0
773,219490394,0.0
774,49260638,0.0
775,182446175,0.0
776,16787556,0.0
777,18925672,0.0
778,327067754,0.0
779,208062571,0.0
780,475981933,0.0
781,8169584,0.0003940204322545399
782,18073713,0.0008793386487766031
783,233798675,0.0
784,335497332,4.944087129803962e-06
785,88762046,3.888378782442455e-05
786,3634899,0.002365288998646636
787,23144569,0.0
788,272304251,2.8135285244326942e-05
789,13658236,0.0012627489944738762
790,200968318,3.327344231594651e-05
791,184748161,0.0
792,205719685,0.00804509845134929
793,499634807,0.0
794,16640143,0.0
795,583827,0.0
796,7473303,4.514819955989858e-05
797,220588185,0.0
798,94809114,0.0
799,163195038,0.0
800,20392095,0.0
801,20801697,0.0
802,8104099,0.004492107433865751
803,222587044,3.5032416034272472e-06
804,180947109,0.0
805,641190,0.0
806,52013225,0.01083341860496332
807,199403690,7.043535580574329e-07
808,365643947,6.299411211631322e-05
809,1427628,0.002038368772689625
810,29927598,0.0
811,7874736,0.0
812,173697208,0.0
813,4335804,0.0
814,356342247,0.0
815,8136894,0.0
816,18918432,0.0
817,389428939,0.0
818,205777093,0.0
819,25462984,0.0
820,301852882,0.0
821,151424035,0.00020517677871782764
822,220189050,0.0
823,154446046,0.0
824,159869151,0.0
825,430680292,0.0
826,1330215,0.0
827,55363825,0.0
828,99715314,0.0
829,16156915,0.0023417722949933208
830,5523702,0.0012183956057137848
831,76507384,0.0009375413952383462
832,9890042,0.0
833,220348799,0.0
834,2238717,0.0
835,8562945,0.0
836,6310146,0.0
837,9840901,0.00014750851123257065
838,5679366,0.0007508397055629681
839,237029639,0.0005603625743883381
840,2672914,0.0
841,155724052,0.0
842,180463894,2.8324632997973735e-06
843,68126999,0.0
844,22595864,0.0
845,508847834,0.0011851190345575353
846,274042851,0.0
847,294234400,0.0
848,133531938,0.0
849,83790116,0.0009225960093701232
850,2648367,0.0
851,141920560,2.848289816693975e-05
852,15698228,0.0
853,472230201,0.0
854,329488095,2.2454795365157398e-05
855,96241981,4.013175083528695e-05
856,278284606,0.0
857,636640,0.0
858,327426443,0.0
859,140224842,0.00017070534644314438
860,296700235,2.028552646660796e-06
861,42699086,0.0
862,86288719,0.0
863,731473,0.0
864,226925625,0.00030743084426843313
865,66718041,2.1860459164166006e-05
866,281659739,0.0
867,234703198,0.0
868,70527327,0.001829520079496746
869,8579427,0.0
870,2222439,0.0
871,323488106,0.0
872,104778094,2.0722125631128157e-05
873,217211940,0.0
874,137742713,0.0
875,159164795,0.0
876,163154300,1.0068191836427163e-05
877,230771070,2.368567400286573e-05
878,7858562,0.0
879,382707435,0.0
880,478906758,0.00019434262653189675
881,28109193,0.0
882,147999116,0.0028466517918440096
883,190260973,0.0017526067475934063
884,90466705,0.0
885,1952148,0.0
886,265488789,2.6008283415200385e-05
887,14559639,0.0
888,241912217,0.000984683604039056
889,19188122,0.00011811532029321547
890,1034651,0.0
891,131623324,0.0005663519580737914
892,5876125,0.0001841739194650799
893,104098207,0.0
894,19335585,0.0
895,9791908,5.731815365637685e-06
896,8038824,6.406397649122131e-05
897,15927726,5.546577885645883e-05
898,435608668,0.0
899,120089010,0.0007810729756747751
900,365875614,0.0
901,176826807,0.0
902,100723129,0.001529492593251758
903,34335165,0.0
904,1132277,0.0005756757786960894
905,170863041,0.0
906,189163970,0.0004446950781324482
907,185944517,0.0002187891985479371
908,451527711,0.0001961717667171825
909,463497673,7.480173099553257e-06
910,94120394,0.0
911,222087627,0.0
912,135588302,0.00042438659544887327
913,359484493,0.0
914,11913686,0.0011299805916348412
915,1182168,0.0
916,65882585,6.7084228647265585e-06
917,345010230,0.0
918,68151774,0.0
919,23554527,0.0
920,262088982,1.505748419941769e-05
921,90638820,0.0
922,175975505,0.0
923,3385835,0.0005312068814832782
924,250259948,0.000583171029184249
925,389114350,0.00046886829724611037
926,12823023,0.00014245581044779247
927,18565618,0.0
928,102067283,0.0
929,59075060,0.0
930,506038784,0.0003907586360102188
931,5622274,0.0
932,10807811,0.0
933,58239494,0.0
934,392705793,0.00013966652428943393
935,276711945,0.0
936,162122261,0.0
937,185388121,0.0
938,299010584,0.0
939,2378270,7.378294626740931e-05
940,179317282,0.0
941,322083,4.1072164001484216e-05
942,14576168,0.0
943,4450857,4.957317446826437e-07
944,26094122,0.0
945,267504171,4.844566083695959e-06
946,37169709,0.0003786791520512179
947,264858160,2.87920473689896e-06
948,4188721,0.009512753041548788
949,15624754,0.00048406500002891854
950,14879283,1.8423187073048563e-05
951,324315701,0.0005917337863038894
952,194639627,4.829971421131394e-06
953,2763332,0.0005427872932494329
954,281579958,0.0002653314567375378
955,338987590,0.0
956,240199,0.0003907586360102188
957,170423148,8.384095831789003e-06
958,235588172,3.718171942870069e-05
959,168057954,0.0
960,3745549,1.3459336563749036e-05
961,21080656,0.00028859824146600696
962,71346769,0.0
963,412242,0.0
964,10963539,4.749123204178869e-06
965,169331285,0.00020295212975862903
966,296430170,0.002024564538007989
967,317409884,2.473713613159591e-06
968,12470877,0.0
969,279034042,0.0
970,311783867,2.9212673762675647e-06
971,312904292,0.0
972,256158311,2.6382403705210486e-06
973,66218606,0.0006732970254759297
974,361114225,0.0
975,64588403,0.0
976,133751,0.0
977,101255805,7.243935004464484e-05
978,18344578,0.0
979,192817801,0.0
980,202656398,0.0013927228364749482
981,166660751,0.0
982,300198544,0.0
983,3320465,0.00038266023680132415
984,463299,0.0008294024702612821
985,11094684,0.0
986,250759837,7.566290034251081e-06
987,44034724,3.908525724545652e-06
988,9161382,0.005224106422110529
989,11012779,0.0004144030696177016
990,142584492,0.0
991,388180653,0.0
992,29305520,0.0
993,6802101,0.0
994,330640054,0.0
995,406530747,0.0
996,231494090,0.0
997,247171774,0.0
998,19827391,0.0
999,205785792,1.2478869249948705e-05
1000,173240450,0.0
1001,13829921,0.0
1002,188607178,0.0
1003,182063216,3.603097215563386e-05
1004,215767,0.0
1005,199641817,5.647435088484554e-06
1006,248859354,6.905502300676358e-05
1007,108178140,0.0
1008,176941789,0.00041912405142295947
1009,81062624,0.0026963774223985114
1010,199158498,8.593777113306309e-05
1011,73329379,0.0
1012,34720489,0.0
1013,267684587,0.0
1014,231477714,0.00028846922265551443
1015,14488019,0.000435923625147975
1016,14150389,0.0
1017,148286201,0.00014075418491137594
1018,90528155,0.0
1019,3541760,5.3653392327130563e-05
1020,427617025,0.0
1021,187673346,0.00014596629141830963
1022,369896197,0.0
1023,420170503,0.0
1024,408775442,0.0
1025,153717523,6.1699275988368935e-06
1026,70855444,5.561282841155242e-07
1027,382539660,0.00011845858116761174
1028,2214685,0.0030007602056243156
1029,141256496,0.0
1030,2796322,6.656308552495383e-06
1031,157479387,0.00030094959024779314
1032,301157157,0.0006606883493663595
1033,214485799,0.0
1034,323570474,0.0
1035,53300012,0.00022887910576924956
1036,206359343,0.0
1037,225553201,1.4467390083895738e-05
1038,8792886,0.0
1039,386956426,0.0
1040,2616129,0.0
1041,54373187,0.0001407004465294939
1042,50326341,0.0
1043,30559049,0.0003907586360102188
1044,20933453,4.442963456625569e-07
1045,193096529,0.0
1046,403589971,2.0075453515538466e-06
1047,243141468,0.0
1048,7342941,0.0
1049,13871967,0.0
1050,5811043,1.051705323109316e-05
1051,22162280,0.0
1052,160172905,0.0009041946890174479
1053,28099047,9.740639658416268e-05
1054,7539565,0.011102023497340168
1055,201780082,0.00018876885166236064
1056,152456051,0.0
1057,164473716,0.0
1058,197593975,0.0
1059,199420792,0.0
1060,32344953,0.0
1061,8948604,0.0
1062,169704922,1.1846877468563748e-05
1063,279128962,0.0
1064,16575365,1.2568060961511532e-05
1065,120064902,0.00042626440043399107
1066,501771147,0.0
1067,168299404,0.0003589031900510685
1068,253930381,1.039381420178877e-06
1069,31673235,3.279362400414444e-05
1070,10742677,0.00011119040771804754
1071,319875992,0.0006679246618508494
1072,250383261,0.0012020652574877763
1073,223450717,0.0
1074,3247007,0.0003907586360102188
1075,173695472,5.681507276972904e-05
1076,14789539,0.0
1077,214895525,0.0
1078,168192935,0.0004051454720083247
1079,13195079,0.0
1080,57920429,2.660916979800382e-05
1081,1878958,2.379855582349886e-06
1082,232958897,1.1107408641563922e-06
1083,347695849,0.0
1084,14338995,1.7911842688603215e-05
1085,1911736,0.0
1086,315105780,0.0
1087,7449532,0.0
1088,13732797,0.0
1089,245756405,0.0
1090,376213359,0.0
1091,222915745,0.0
1092,8735691,0.0
1093,239166265,0.0
1094,345319582,3.8386874554681456e-05
1095,134532047,3.5118459436477034e-05
1096,2509778,0.0
1097,27020244,8.466546855044663e-05
1098,207159801,0.0012368246911166445
1099,1092568,0.0
1100,1084378,0.00028560227312552137
1101,175442907,0.0
1102,75467740,8.154212504578111e-06
1103,214043613,0.0
1104,330877919,0.0
1105,20343776,0.0
1106,153258977,8.40412883354347e-06
1107,3083430,0.0
1108,242002920,0.0003907586360102188
1109,341920745,0.0
1110,3165168,0.001693305431432171
1111,16796657,1.181307657411193e-06
1112,2608114,0.0002777218645148624
1113,481728846,0.0044694361138879635
1114,74984440,0.004041214968164791
1115,9718777,0.0
1116,321589759,0.0
1117,243960828,0.0
1118,120024074,5.986268810848445e-05
1119,108399627,0.0
1120,60582926,1.4670381034478523e-06
1121,253578255,0.0025450187389342138
1122,327437328,0.0
1123,90168494,0.001116267414142827
1124,156044313,0.0013384735760704888
1125,6351898,9.27154121089707e-06
1126,17878048,0.0
1127,36867107,0.0
1128,64195621,0.0
1129,14584871,0.0
1130,5147690,0.00042061834489377445
1131,270307847,0.0
1132,335924268,0.0
1133,39816237,0.002857187311269346
1134,282799150,0.0
1135,306620253,0.0
1136,373148732,1.5697081707804174e-05
1137,267646322,0.0
1138,15871042,0.0023378873708763746
1139,190965830,0.0
1140,307833928,0.0
1141,11955273,0.004465031268416821
1142,1027146,0.0
1143,192632674,5.036710622646724e-05
1144,199380046,9.235646331661009e-05
1145,166423631,0.0
1146,206924880,0.0
1147,10579025,0.0
1148,4951123,5.36891566172541e-05
1149,2468948,9.403068221540828e-05
1150,120671321,0.0008180829410040274
1151,234400859,2.7800223428412477e-06
1152,14806110,1.0512432697621506e-05
1153,7498847,6.411144807700491e-05
1154,20401248,0.0
1155,66202727,0.0
1156,14748776,6.865383785349855e-06
1157,214068329,6.513858716508435e-07
1158,289909871,8.216626589273577e-05
1159,420673384,0.0
1160,7957620,0.00021778592578446183
1161,801982,0.0
1162,67038330,0.0002941761921347933
1163,3869819,0.0
1164,256232580,0.0
1165,2739333,0.003002574072357269
1166,63663238,0.0
1167,16641162,0.0
1168,288224025,2.636232448791125e-05
1169,18828433,0.0
1170,98962579,3.4231533774567675e-06
1171,489360537,0.0
1172,1485978,0.0002836464632067936
1173,202962799,0.0
1174,11922588,0.0
1175,7023777,0.0015991481723154181
1176,335802907,0.0
1177,724133,0.0
1178,10398886,0.0
1179,3468455,0.0
1180,47492276,0.0009245660582241534
1181,295043614,1.1914494871012651e-05
1182,450612406,0.0
1183,95620279,0.0
1184,409565044,0.0008265867381499754
1185,1543354,0.0005118543514771295
1186,30698683,0.0
1187,7335101,0.0
1188,13692094,0.00356754216638604
1189,130172789,0.0
1190,339136,0.0
1191,117206209,0.0
1192,215919810,0.0
1193,175951047,0.0
1194,7539918,0.0
1195,243275640,0.0
1196,1305823,0.0
1197,205745376,0.0
1198,183397602,0.0
1199,205769955,0.0
1200,169905381,0.0006594780181703919
1201,150899942,0.0003973604735171768
1202,138464487,0.0
1203,3828969,0.0004935853616134278
1204,224554219,6.500160132575709e-05
1205,3861744,0.0004247468055721547
1206,789745,1.6572484576334624e-06
1207,287558898,0.0
1208,307739859,0.0
1209,23129334,0.0
1210,172700201,8.717992249359413e-05
1211,4689146,0.0
1212,14945531,8.246986619183896e-06
1213,5475581,0.0
1214,135318782,0.0004500177021512585
1215,259714303,0.0026881638808413876
1216,246533376,9.098406074888015e-05
1217,3239170,0.003168834303825078
1218,180980996,0.0017525970217565693
1219,73616645,0.0
1220,6892806,0.0
1221,63401227,0.0003907586360102188
1222,427093262,8.706449329954579e-06
1223,56651024,0.0
1224,139106102,6.3887633006747735e-06
1225,137489686,0.0
1226,28052759,0.0
1227,5401880,0.007371845077848885
1228,242476933,0.001017557345494665
1229,27307298,0.0
1230,60493094,0.0
1231,224718120,0.0
1232,20368681,0.0
1233,33738027,0.004919134129533551
1234,34606385,0.0
1235,328109363,0.0
1236,16665912,0.0
1237,8301881,0.005701869404075137
1238,61353275,0.0
1239,192400701,0.0
1240,98069822,0.00047388009349231516
1241,136490303,0.0005808802733786734
1242,326829963,0.0
1243,142799414,0.0
1244,39587142,0.0
1245,4607305,0.0
1246,155512141,0.00043390337092278817
1247,297381201,0.0014055367085077698
1248,32058708,0.0003907586360102188
1249,84159829,0.004808523531313052
1250,2207062,0.00014816331237910206
1251,238169431,0.0
1252,5066075,0.0
1253,3714397,0.0
1254,156462433,1.1128464363249622e-05
1255,55094627,0.0006566104972698969
1256,159537914,5.870078721996544e-07
1257,153128763,0.0003907586360102188
1258,24268139,0.0014937439385353342
1259,198956946,0.0008952305492936595
1260,115584368,0.0
1261,433245556,2.0075453515538466e-06
1262,3050874,0.0
1263,8433021,0.0003907586360102188
1264,185724287,0.0
1265,277722179,0.0
1266,419442053,0.0
1267,16813453,0.0
1268,32656784,0.0
1269,78352963,6.071908359845024e-06
1270,299268998,0.0
1271,302083479,6.7527585343158684e-06
1272,143355288,0.0013899081245977087
1273,196821159,0.0
1274,69024,0.0
1275,106057121,0.0
1276,3853730,0.0
1277,140438947,0.0
1278,8064241,0.0
1279,257585102,0.0
1280,14413225,0.0
1281,15347121,6.982459487937059e-05
1282,195603895,0.0002684923962122741
1283,151612861,0.0
1284,15117760,0.0
1285,313101761,0.0
1286,167587266,2.1826676451229504e-06
1287,6933956,0.0
1288,320056777,0.0
1289,442682826,0.0
1290,444829132,0.0
1291,354766287,0.0
1292,4083153,4.036891703374066e-05
1293,172895700,0.0
1294,50515417,0.0
1295,4263389,0.0
1296,439479776,0.0
1297,40873441,2.655153453148809e-06
1298,150077149,0.0018020526947413228
1299,232834455,0.00043374818554286836
1300,55193064,8.176559234550911e-05
1301,248116642,0.0
1302,260582890,0.0003907586360102188
1303,37350891,0.0
1304,32484847,0.0
1305,339441,0.0
1306,49901042,3.7157977351378245e-05
1307,71781876,0.0
1308,249834998,0.0
1309,34622973,0.0004003335441908483
1310,17542659,0.000741068848614222
1311,21057032,0.0
1312,50425354,0.0012879118355230864
1313,6385163,0.0
1314,25513484,0.0
1315,2682383,0.0
1316,274059501,0.0
1317,77073937,0.0
1318,158289426,0.0
1319,152145428,6.8925665595416e-05
1320,40971803,0.0
1321,384918106,5.8094702603785214e-05
1322,6868511,0.00013987689334353994
1323,51416611,0.0
1324,341634600,0.0
1325,176737837,0.00040623763636129693
1326,20262447,0.0
1327,303574583,0.0
1328,69021240,0.0
1329,15904320,0.0
1330,174345793,5.483513408803306e-06
1331,3173954,0.0
1332,198270219,0.0
1333,17116741,0.0
1334,408399436,0.0
1335,28896847,5.571580452092319e-05
1336,306712145,0.0
1337,121351764,0.0
1338,59657813,0.0
1339,1797725,0.0
1340,21769488,0.0
1341,14661563,0.0
1342,182334054,0.0006140892301188808
1343,322260583,2.1784404014550297e-05
1344,527904361,0.0
1345,6598251,0.00048266527134769953
1346,45461100,0.0018875073307208856
1347,185634417,0.0006423062202877252
1348,230436470,0.0
1349,82882168,0.0
1350,38522489,0.0019493502165944684
1351,73295807,0.0
1352,68300412,4.095051833106321e-05
1353,4198014,0.00040611974798956284
1354,98076350,0.0007849167260992689
1355,2877376,0.0
1356,82088567,0.0
1357,209088140,0.00011721082709876582
1358,1202114,0.0
1359,98815634,0.0
1360,302362261,0.0
1361,306327192,0.0
1362,9744028,0.0014053504984844665
1363,414690974,0.0
1364,269446820,0.0
1365,23531175,0.0
1366,40849064,0.0005872587719418128
1367,176435312,0.00011714723444850629
1368,14298795,0.0
1369,223522476,1.1107158124693842e-05
1370,49598125,3.4387339555613066e-05
1371,22028950,0.0
1372,402472221,0.0
1373,240643760,0.0
1374,207253171,2.4387986503466324e-05
1375,12127926,0.00041935568990099646
1376,192319163,0.003410562344245401
1377,35063045,0.0
1378,9416391,1.6868065396159687e-05
1379,211888076,0.0
1380,7217783,0.0
1381,317331975,0.0
1382,147508949,0.00013459631927084347
1383,7483094,0.0003974372743922589
1384,218742052,0.00039075863601021883
1385,30142170,2.2997383648540237e-05
1386,211332827,0.0036438536295566063
1387,338620615,6.131911912386016e-05
1388,177434337,0.0
1389,5631716,1.3719321904961395e-05
1390,136195366,0.0
1391,104861415,0.000642348594657697
1392,59305706,0.002857213548230335
1393,58601195,0.0
1394,282348,0.0
1395,2682607,0.0
1396,9522929,0.0
1397,16551666,0.0
1398,11235063,0.00012698712368781076
1399,8228604,0.0
1400,76951293,0.0004025825919198492
1401,29904645,2.3468103735379485e-05
1402,12365574,0.0
1403,50777865,0.0
1404,5451530,0.0
1405,3084045,0.0
1406,405264,0.0
1407,16406488,0.0
1408,2912019,6.493461585349653e-05
1409,23846190,0.0
1410,2084630,0.000497885051632368
1411,4632344,0.0
1412,499775476,0.0
1413,6049568,0.0
1414,10579748,0.0
1415,87821617,0.0
1416,78688043,0.0
1417,23621420,0.0018823308874190562
1418,294785316,0.0
1419,8959965,0.0
1420,28888883,0.0
1421,248049460,0.0
1422,128577339,0.0
1423,334283402,0.0
1424,2387776,0.0
1425,451014470,0.0
1426,16838471,0.0
1427,133082956,0.00011554623809769311
1428,57634638,0.0
1429,7728976,3.989576466258681e-06
1430,3362642,0.0004431448928436905
1431,139112276,0.0
1432,9138009,0.0
1433,21442399,0.0002443616483272844
1434,10522471,0.0
1435,6344554,0.0
1436,10131431,0.0003925142450275895
1437,279211884,0.0
1438,176967535,0.00029730724094448595
1439,209235826,0.0
1440,289073129,0.0004092493736622486
1441,174706552,0.0
1442,239349627,0.0009013768241359051
1443,5263231,4.821980629683094e-06
1444,54731414,0.0
1445,44781447,0.002941510392310294
1446,193736585,0.0007492461597393912
1447,255971991,0.0
1448,320237452,0.0003907586360102188
1449,55938959,0.0
1450,216543121,0.0
1451,28020626,1.6117473120538589e-06
1452,5902227,0.0
1453,30748568,0.004158552329381524
1454,3993,0.0003907586360102188
1455,2060187,0.0
1456,524454049,0.004250296794070805
1457,82677665,0.0010203712967929747
1458,82242886,0.0
1459,407777192,0.0
1460,135270319,0.0
1461,651188,0.0008991589972236446
1462,282903198,1.1094948121628277e-05
1463,138497975,0.0009384493187956364
1464,311252980,0.0
1465,71675834,0.0
1466,7794620,0.00010636374269495679
1467,19386303,2.2866226558568102e-06
1468,11087808,0.0007812951238476063
1469,322858957,0.0
1470,76763086,0.0
1471,3551184,0.0
1472,96399318,0.0
1473,287954937,0.0
1474,360463695,0.0005958438155051809
1475,8343516,0.0
1476,31895517,5.129147780342796e-05
1477,249823,4.104906723347148e-05
1478,194154466,0.021058379096677047
1479,18419683,0.0
1480,399585252,4.239895807952292e-06
1481,107958245,0.0
1482,227265617,0.0
1483,30019559,0.0
1484,108015592,6.347161036088925e-05
1485,152631292,0.0
1486,408019623,0.0002575908584460457
1487,66007022,0.0
1488,2181032,1.8730338176376437e-05
1489,402140500,0.0
1490,12701694,0.0
1491,13889536,0.0
1492,90558473,0.0003907586360102188
1493,284479500,0.0029300499432258526
1494,313029293,0.0010276959308343735
1495,225296,0.0039512733458175065
1496,2155937,0.0
1497,21499925,0.0009705171721246897
1498,207745047,4.790094062485147e-06
1499,99848216,0.0
1500,6090778,0.0013751029873386056
1501,93392924,0.0
1502,138612765,0.0
1503,262647839,0.0
1504,503131,0.0
1505,403722278,0.0
1506,405543,0.0
1507,138833961,0.0
1508,332197930,0.0006668920082894286
1509,132616235,0.0006162874855467056
1510,215289900,0.00011686770493452596
1511,4649650,3.4115319370606405e-05
1512,107360302,0.0
1513,7196721,0.0
1514,463425588,0.0
1515,26628150,0.0
1516,151808009,0.0
1517,11702328,0.0
1518,230191164,2.274045767899717e-05
1519,6680638,0.0
1520,9351234,0.0007982206230894209
1521,15618120,0.0002116534087997941
1522,15151177,0.0
1523,140775498,0.003177086862809127
1524,3059787,0.0
1525,192126107,0.0
1526,450719512,0.0
1527,17854543,0.0
1528,14004308,6.111737739134447e-05
1529,20385877,0.0
1530,165548118,0.0
1531,423047255,7.180437747636776e-05
1532,320028044,2.8442560931731206e-07
1533,201855074,0.0
1534,351490148,0.0
1535,453824618,3.332222592469177e-07
1536,25145456,0.0
1537,1511537,0.0
1538,526381170,0.0
1539,197283955,0.0
1540,3166327,0.0
1541,36769914,0.0
1542,472633467,0.0
1543,46387324,0.0007812951238476063
1544,18731138,0.0
1545,14758021,0.0
1546,262345727,0.0
1547,341480754,0.00042010675840123234
1548,227340432,0.0013666378016025
1549,230105795,0.0
1550,23924884,0.0
1551,37539989,0.0
1552,224262170,0.0
1553,9629855,0.0003907586360102188
1554,206237040,0.0
1555,473780386,0.0
1556,12914851,0.0
1557,487591,0.0
1558,38645929,1.680409322501662e-06
1559,31938589,0.0
1560,4903097,0.0
1561,118970,0.0
1562,373690559,0.0
1563,291008,0.0
1564,433971915,0.0007810729756747751
1565,60461252,0.0
1566,27226309,0.0
1567,66719943,0.0023110025537915273
1568,217518280,0.0
1569,53451,8.106813774563322e-05
1570,183636174,0.0001539619548105724
1571,143634639,0.0
1572,148877520,0.00044139740871823824
1573,383217876,0.0
1574,210604252,0.0
1575,276548986,3.5000626391825282e-06
1576,178497573,0.0
1577,151048416,0.0
1578,116846824,1.3843065222924829e-05
1579,34861290,0.0
1580,205779181,0.0
1581,33386735,0.0009969298689698537
1582,4870385,0.0003966761725081472
1583,921842,0.0
1584,116732149,0.0005289497835498917
1585,360558838,0.0
1586,354586877,6.237318162254563e-07
1587,347230464,0.0
1588,2298114,0.0
1589,266744067,1.1826702591523623e-05
1590,122401030,6.331311786707397e-05
1591,211546375,0.0
1592,166031626,0.0
1593,20640011,0.0
1594,337940749,0.00042958394315416884
1595,37327118,0.0003907586360102188
1596,8933650,0.0
1597,117125395,0.00023940434658693979
1598,2314516,0.0003907586360102188
1599,32354582,0.0
1600,26464536,0.0
1601,360724527,0.0
1602,86298909,0.0
1603,452444891,0.0
1604,17240356,4.029827730616864e-05
1605,19960102,0.0
1606,189600039,0.00017475431050847077
1607,4075817,0.0
1608,49819948,3.0228015104892542e-05
1609,155570484,0.0
1610,43200823,0.0
1611,227379252,0.0
1612,823610,0.0
1613,49008956,0.0
1614,17396032,0.0
1615,15642949,0.0015486830334444771
1616,408842566,0.0
1617,18075975,0.0005423993533886181
1618,2273609,0.000585766876056056
1619,267359749,0.0
1620,160526669,0.00016423694680949835
1621,291630477,0.0
1622,224287013,0.001220650220427855
1623,9556315,3.7012252513940237e-06
1624,5657317,0.0
1625,35107170,9.963924199968562e-06
1626,201019750,0.00017060402992680713
1627,152695153,2.6007877269813142e-05
1628,2765170,0.0010205661596118677
1629,2527608,0.0
1630,6885754,0.0008421722902861943
1631,136769920,0.00123369448760153
1632,63738242,1.8009505162917556e-05
1633,202519275,5.969477270844773e-05
1634,6132100,0.0
1635,413331853,0.0
1636,17592718,0.0
1637,30241169,0.0
1638,36434324,7.70874657254236e-05
1639,1954198,6.424601961311167e-06
1640,125776279,0.0
1641,177951128,0.0005258804051269081
1642,23327130,2.806385288125353e-06
1643,86811375,0.0
1644,287199646,0.0008883075675523618
1645,101921519,0.0
1646,12251553,0.0
1647,53020742,0.0
1648,6754727,2.2214817283127845e-07
1649,337315911,0.0
1650,156193199,0.0
1651,11309494,0.00042495476262337066
1652,410708041,0.0
1653,95847156,0.0
1654,11170235,0.0
1655,93712831,0.0
1656,42193347,0.0013364418018497366
1657,168096502,0.0
1658,5272010,0.003368422059268307
1659,36245970,0.0
1660,11547091,0.0003292115331658251
1661,2437588,1.0309897814492296e-05
1662,167637464,0.0
1663,3256795,0.0
1664,255742429,0.0
1665,64885220,0.0
1666,437144999,0.0
1667,321188332,0.0
1668,62280179,0.006601655487286866
1669,1094133,0.0
1670,11719160,2.25178591444598e-05
1671,384315900,0.0003907586360102188
1672,14430718,0.0
1673,8925695,0.004449678125164596
1674,17027591,3.974315439455393e-06
1675,370913800,5.844316176424976e-05
1676,442585609,0.0012765665422057233
1677,295391755,0.0
1678,3256846,0.0006967307690702052
1679,4739599,4.124206517779856e-05
1680,76681750,0.0
1681,3158555,0.0
1682,5231135,7.66005173444134e-05
1683,172618273,0.0
1684,35246629,0.0
1685,137835049,1.2113810923859537e-07
1686,226095659,0.0
1687,282338056,0.0
1688,297669173,0.0003934362852260405
1689,83923510,0.0
1690,331452986,0.00023123614728852527
1691,116228874,0.0
1692,21066306,0.0004031205006255717
1693,7868995,1.8952524004960365e-05
1694,1806917,0.0
1695,65352264,0.0
1696,239529121,0.0
1697,30667339,0.0
1698,61870670,0.0003068775531322944
1699,3764819,0.0003682232603682896
1700,8925782,2.8763073465502303e-05
1701,3576410,0.0
1702,229880411,0.0
1703,429923979,0.0
1704,321352285,0.0
1705,61911650,0.0
1706,12710499,0.0
1707,200176228,0.0
1708,11407974,0.0
1709,8802921,0.0
1710,24949356,0.0011862798987942922
1711,243995245,0.0
1712,16167538,9.688152871345437e-05
1713,220779123,0.00044163785844674553
1714,285215557,1.2393333684906556e-05
1715,8016503,0.0005835462253322968
1716,145834772,0.0
1717,365179,0.0
1718,123785852,0.0
1719,279571687,0.0
1720,212554368,0.0013613043215376444
1721,154636931,0.0
1722,88568004,0.0
1723,4742,0.0
1724,133034635,0.0
1725,72462988,5.099591746761692e-05
1726,33837711,0.0
1727,131986064,0.005501910434339698
1728,97792658,0.0
1729,112726677,0.0005899762642281333
1730,59298455,0.00039338630252608975
1731,65884828,0.0
1732,319672989,0.0
1733,7074462,5.5556617373538774e-05
1734,42611364,1.437018063429689e-05
1735,4862630,0.0014599905442238502
1736,69063335,7.176007408140163e-06
1737,1307306,0.0
1738,10007211,0.00039215609620731236
1739,124826284,0.0
1740,296874669,0.0
1741,104575773,0.0
1742,14774962,0.0
1743,269824693,0.00022189264473551932
1744,417133239,5.749152344762867e-05
1745,147280624,2.9507577815079323e-05
1746,329339582,3.728797620098152e-05
1747,9958082,0.0009395730108575877
1748,5755587,0.0
1749,635591,0.0
1750,224252620,0.0028706661178714513
1751,296374993,0.0
1752,48870101,2.201762933828587e-05
1753,6845142,1.257628299035808e-05
1754,63181528,0.004093514652962777
1755,4952794,3.191403737044674e-05
1756,291548,0.0
1757,221216208,9.365183749423493e-05
1758,203704598,0.0003907586360102188
1759,378312827,0.000433397829691028
1760,7361253,0.0
1761,24982311,0.0
1762,200990162,0.0002557531522919565
1763,50705135,0.0005180961372733975
1764,3511024,0.0
1765,24892145,0.0
1766,20763381,3.365410832576736e-05
1767,7623414,0.0
1768,337425143,0.0
1769,3838713,0.0
1770,3314427,0.0
1771,11154173,0.0
1772,147739390,0.0
1773,248509189,0.0
1774,62083848,0.0
1775,374051593,0.0
1776,326893015,0.0
1777,8188687,0.00014544322554143653
1778,57578261,0.00033011037577352357
1779,227433951,0.0
1780,4821783,0.0
1781,117265177,0.0
1782,4567835,0.0
1783,42816285,0.0
1784,29897506,0.0
1785,218821411,1.4119195094615319e-06
1786,3552037,0.00011124932683421425
1787,267154214,0.00019707852140557843
1788,55489319,0.0003081419031253676
1789,234746664,2.5188909264639805e-05
1790,167768873,1.5359559909647007e-05
1791,244276701,0.0
1792,301863730,0.0
1793,258870,0.009438557497154658
1794,94286651,0.0
1795,447294,0.0
1796,219493183,0.0008946814245830204
1797,240549344,0.0
1798,197137220,1.6423684883349418e-06
1799,7631670,0.0
1800,222219746,4.341639007760491e-06
1801,11039566,0.0
1802,268096342,0.0
1803,13292375,3.282251367911854e-05
1804,189700239,0.0
1805,294335329,2.5765923382070016e-05
1806,100365115,0.0
1807,14177126,0.0
1808,339112807,0.0
1809,6673260,0.0
1810,58872685,2.9505563959158477e-06
1811,271225711,0.0
1812,352931304,0.0
1813,15340402,3.380963336132206e-05
1814,28529470,0.0
1815,493491065,0.0
1816,80667455,0.0
1817,416469885,0.0
1818,98923390,0.0009814021929906997
1819,2364287,0.0
1820,4166529,0.0
1821,7639938,0.0
1822,121196011,0.0008068279608459087
1823,10246294,0.0
1824,135082889,0.0
1825,8901518,0.0
1826,168883092,4.8344198320009954e-05
1827,418976661,0.0
1828,3011478,0.0007810729756747751
1829,38220695,0.012507923962861062
1830,234296132,0.0
1831,235326959,0.0
1832,393515936,0.0
1833,152763888,0.0007812951238476063
1834,374993826,0.0
1835,115856291,0.0
1836,17068970,0.0
1837,30264818,0.0
1838,255817885,0.00041070708374223993
1839,204862388,0.0
1840,267189,0.0
1841,209359798,0.0
1842,245584823,0.0
1843,357922976,0.0
1844,396525046,0.0
1845,27235271,0.0031949064000440616
1846,296973256,0.0
1847,211656183,0.0
1848,197350350,0.002164986454381046
1849,222313976,2.3592270611501646e-05
1850,185013207,0.00029692547817974484
1851,88036313,0.0
1852,291525594,0.0
1853,82654175,0.0
1854,238179298,0.0007517961203096191
1855,354382819,0.0
1856,316142565,2.1493296927694772e-05
1857,5354471,0.0002703522332144702
1858,52106216,0.0
1859,177361901,3.3300862070961636e-05
1860,117068782,0.00017960262024841798
1861,14291952,0.0001625439511840084
1862,265753586,0.0007812951238476063
1863,37934079,0.0
1864,374526976,0.0
1865,1307652,0.0
1866,42497034,7.5824352674348326e-06
1867,177542156,7.125013059438162e-05
1868,55139842,0.0
1869,303883096,0.0
1870,424965139,2.459950510859651e-05
1871,21528,0.0003907586360102188
1872,19665949,0.0
1873,54604830,0.0
1874,12686367,0.0
1875,3060770,0.005649456957308229
1876,1405988,0.0
1877,5592103,0.0
1878,23041067,0.0011003856955281886
1879,418599983,0.012451285107752922
1880,15627312,0.0
1881,19149873,0.0
1882,75166772,0.0
1883,117543990,2.1932184135187031e-07
1884,6804536,0.00012076146203442587
1885,248910906,4.39447613022475e-06
1886,74355771,0.0
1887,3503169,0.0
1888,2831427,0.0
1889,155276358,0.0
1890,17364040,0.0
1891,36459593,0.0
1892,175141973,0.0
1893,61584470,0.0
1894,4764761,0.003551138930501453
1895,118543451,0.000659336655001117
1896,236057693,0.0
1897,1365086,2.7072704836647544e-05
1898,42964065,1.3502044743319051e-06
1899,131613542,5.3947490495332695e-05
1900,24532070,0.0
1901,10703975,0.0003907586360102188
1902,190224572,0.0
1903,30848110,0.00015170538187077843
1904,519402613,0.0
1905,7009401,0.0
1906,219722874,0.0
1907,6395004,3.6193981093127716e-05
1908,10073214,0.0
1909,46650498,0.0012831197114946274
1910,12460907,0.0
1911,71824517,0.0
1912,172577927,1.4015665887179603e-05
1913,10752876,0.0
1914,185741065,2.3705387245355158e-05
1915,29848722,2.3364917640366483e-05
1916,133618600,3.0949642086377707e-06
1917,35787924,0.0005314930547007619
1918,134259566,0.0
1919,188372118,0.0
1920,151532696,0.0027272642928069103
1921,142013593,0.0
1922,166089882,0.0
1923,20681883,0.0
1924,201260570,5.401656641398449e-06
1925,190645104,3.0376056532980312e-05
1926,557716644,0.0
1927,453984483,0.0
1928,170841257,0.00041446042012028287
1929,22238378,6.317399801959371e-05
1930,2331819,0.0
1931,3232940,0.0017987957266513803
1932,1750190,0.0
1933,190297268,0.0
1934,343856310,0.0002124935151144495
1935,133797047,0.0
1936,145019765,0.0
1937,379630787,0.0
1938,178541765,0.00022418049282378806
1939,347944134,0.0
1940,453549602,0.0
1941,122705119,0.0
1942,18281679,0.0018001817233395116
1943,52450512,0.0
1944,96253139,0.00019503639872491124
1945,221762772,0.0
1946,5010654,0.0
1947,2954463,0.0
1948,105829243,0.0003907586360102188
1949,5051622,0.0001234162803251077
1950,149460199,0.0
1951,6730985,0.0
1952,175215853,0.0
1953,6567151,0.0
1954,205526256,0.0
1955,450237681,1.341606877421687e-05
1956,4912370,0.0
1957,156136696,0.0013163238091546097
1958,295040250,0.0
1959,119108479,0.0
1960,107640060,5.288917119156371e-05
1961,292599039,8.154212504578111e-06
1962,318076160,0.00039272234552974384
1963,24089857,0.0
1964,6059266,0.000426162556838987
1965,13653258,0.0
1966,121206028,0.0007810729756747751
1967,339037741,0.0006714816581709077
1968,292648208,0.0008029667055917326
1969,210031891,0.0016802436035261196
1970,106763544,6.81981532387492e-06
1971,173806874,0.0
1972,4560155,0.0
1973,246478112,0.0
1974,87741732,1.54108859750904e-05
1975,102012197,0.0
1976,1348902,0.0
1977,205026599,0.0003907586360102189
1978,55416107,0.0
1979,234886447,0.00018329291596095215
1980,169145648,0.0
1981,7918898,1.4876169391180442e-05
1982,227988787,0.0
1983,315938103,0.0006000354640579948
1984,242119997,0.0001477849420161991
1985,5846336,0.0
1986,282670402,2.9889081167625106e-06
1987,321174318,0.0
1988,116487492,0.0
1989,214766920,3.124709180707348e-05
1990,238474570,0.0
1991,130037070,7.343702323546694e-06
1992,340038991,0.0
1993,4560208,2.8518330246370686e-06
1994,23795025,6.996177938226426e-05
1995,234091862,0.0
1996,290002264,0.0
1997,10425689,1.1260379060335535e-06
1998,28489052,0.0
1999,371504479,0.0
2000,16364896,5.2421797218195665e-05
2001,202773858,0.0003609684122249307
2002,11744611,0.0
2003,84325737,0.004940060168303448
2004,19387754,0.0005042988394102701
2005,269473132,0.0
2006,424695149,0.0003907586360102187
2007,1949245,3.07971816701105e-05
2008,118166898,0.0
2009,203953527,0.0002910319726436361
2010,281597305,0.0
2011,315848063,0.0
2012,232789379,0.0
2013,1217925,0.0
2014,313457030,0.0
2015,289920393,0.0003906507868543621
2016,123663255,8.263775412271458e-05
2017,166227522,0.00024042287073290755
2018,9311632,0.0005790156875859396
2019,412259731,0.0
2020,256604690,0.0
2021,4126104,0.0
2022,460805531,0.0
2023,3665477,1.529421055175799e-05
2024,217585056,0.0
2025,8123809,0.0
2026,9123234,0.0
2027,344765339,1.1583235167292528e-05
2028,354309540,0.0
2029,295277989,0.0
2030,19805606,0.0
2031,5428651,1.256330898097114e-05
2032,61535662,0.0
2033,339867055,0.0
2034,1971635,0.0
2035,17921463,0.0
2036,351907906,0.0
2037,395400635,0.0
2038,212891069,0.0
2039,59602373,0.0004143776632255616
2040,488961478,9.095922314727194e-05
2041,291705761,0.0
2042,213185992,0.001300682150652682
2043,6149578,0.0
2044,14489035,0.0
2045,451175924,0.0
2046,167564750,1.5174396895358798e-06
2047,31126992,0.0
2048,155448786,3.971724968255414e-05
2049,27391445,0.0
2050,16192989,0.00209803119542985
2051,461829598,0.0
2052,156915173,2.8703194483673735e-06
2053,96450024,0.0
2054,31561193,3.5680212119084445e-06
2055,168654314,0.0
2056,285584656,0.0
2057,9614833,0.0
2058,386610676,0.0
2059,243709432,0.0
2060,103806459,0.0
2061,56653308,0.0005324377371214376
2062,6174205,1.1163153767790738e-05
2063,8146517,0.0
2064,12809729,0.0
2065,30119426,5.288000484832062e-06
2066,38262276,0.0
2067,6747653,0.0
2068,379713030,0.0
2069,186201319,0.001874334178155868
2070,397129227,0.0
2071,267823247,2.5777165687045858e-05
2072,25638418,0.0
2073,12490262,0.0
2074,29513241,0.0006143651921857398
2075,5305882,0.0
2076,286201372,0.0
2077,294119685,0.0
2078,36025888,0.0
2079,9213476,0.0
2080,23746094,0.0
2081,136787503,0.0
2082,234731057,0.0
2083,2733618,0.0005566633856085228
2084,131883955,9.809580364517021e-06
2085,8918583,0.0
2086,209196600,0.0
2087,497505204,0.0
2088,2651706,4.7353902480774355e-05
2089,2741173,4.1858929960053434e-05
2090,19674689,0.0
2091,442996293,0.0009145558729361898
2092,8656454,0.0
2093,54498897,0.0030660191520298593
2094,511071827,0.0
2095,13842006,2.7492451821975738e-05
2096,2045527,0.0
2097,38499932,0.000392255594761148
2098,42743389,0.0014680333011371422
2099,4085342,0.0
2100,350656096,6.701555838579573e-05
2101,19404385,0.0
2102,12105314,0.0
2103,123614819,0.0
2104,355689227,0.000665783794516025
2105,99238844,5.962310161147362e-06
2106,9213546,0.0062108369591098896
2107,44034322,0.0005673156398345315
2108,18380400,0.0
2109,36591221,0.0
2110,88544886,0.0
2111,424654457,0.0
2112,38188667,1.7327136817143666e-05
2113,66950783,0.0
2114,336926320,7.102639491551712e-07
2115,5584517,0.0
2116,4339336,0.003666016027748735
2117,53106313,0.0
2118,471643786,0.0001970824539968158
2119,376105239,0.0
2120,549295760,0.0
2121,253048467,0.0009120124522639042
2122,126424728,0.0014199743819637717
2123,218764953,0.0
2124,46102175,0.0
2125,3659432,0.0003490148178003018
2126,7829161,0.0
2127,174642119,0.0
2128,299857583,0.0
2129,144414387,9.096178960445972e-06
2130,63870644,0.0
2131,199120567,0.0018217826036225247
2132,251090620,0.0005407232858774159
2133,58455742,0.0
2134,293304608,0.0
2135,273716937,0.0
2136,155367115,0.0
2137,258250446,0.0
2138,13022931,0.0
2139,497369,0.0
2140,63194,0.00180333904478877
2141,350779099,0.0
2142,166082271,0.0005355842000594833
2143,939744,0.0
2144,177758320,1.6604875998433547e-05
2145,1382121,0.0
2146,19150571,5.398395915720389e-05
2147,4265710,0.0016652526683149055
2148,168343282,0.0
2149,73619187,0.0
2150,342857462,0.0012433892836177535
2151,443479800,0.0
2152,3938043,0.0
2153,91643520,3.003450589182989e-05
2154,351246083,0.0
2155,8935179,0.0
2156,12523283,0.003720168091124148
2157,7075604,0.001365998936817701
2158,291027228,0.0
2159,105305160,0.0
2160,13653787,1.0705393612329887e-05
2161,28137244,0.0
2162,364279581,0.0
2163,54286110,0.00014672574765989887
2164,81525617,0.0
2165,265657363,0.0016933564988733916
2166,338306011,0.00019457543923223018
2167,31577893,6.664445184938354e-07
2168,22599462,0.0
2169,377403177,0.0
2170,6035243,0.0
2171,389248723,0.0
2172,7313206,0.0
2173,15595322,0.0
2174,162731835,0.0
2175,88356671,5.405802358431048e-05
2176,210026123,0.0
2177,298112837,0.0
2178,40343367,4.084510760279537e-05
2179,1800009,0.0
2180,57677642,0.0013447738775286806
2181,359956099,0.0
2182,24794965,0.0
2183,349763897,0.0
2184,372941796,8.339417104546106e-05
2185,396203867,0.0
2186,3766113,0.0
2187,98383714,0.00010111068920395785
2188,192845667,0.00019164961244259345
2189,194467684,0.0
2190,14956389,4.0273854250675404e-06
2191,9402216,0.0
2192,197588847,0.0013251219799667402
2193,165427057,0.0
2194,32274291,0.0
2195,20412276,0.0
2196,178329464,4.550303651225409e-05
2197,207353725,0.0
2198,3979136,0.0005301487255136593
2199,226834310,0.0
2200,375166856,0.0
2201,18691978,1.8856119066061802e-06
2202,140202777,2.4066700587506885e-05
2203,32274754,0.0008583320812147839
2204,33134479,0.0005191946600336261
2205,11687825,0.0
2206,11876242,0.0
2207,171448212,0.001905960117175414
2208,199219094,2.7281730364223014e-05
2209,164968355,6.2751523499454475e-06
2210,268564388,0.0
2211,172873644,0.0
2212,14858163,0.0
2213,295819188,2.9215747032021512e-05
2214,379312054,1.5243316829685363e-05
2215,24483769,0.0015362812521631506
2216,361895866,0.0
2217,5201567,0.0
2218,434010442,0.0015603687659668998
2219,19568576,4.064500032329844e-05
2220,6821826,4.021608457515672e-05
2221,28366792,0.0
2222,677834,0.0
2223,362428363,0.0
2224,112172706,0.0
2225,193956174,0.00036207427730912465
2226,17709016,0.0
2227,279427034,0.0
2228,413833179,9.401164483246056e-05
2229,65132509,0.0
2230,48543713,0.0
2231,22042595,0.0
2232,28985681,5.892710799523412e-06
2233,278384295,1.0258154236731998e-07
2234,1308660,0.0
2235,203785214,7.057708928765523e-05
2236,34535416,0.0
2237,255522809,0.0
2238,134010875,0.0005128544045921823
2239,33478652,0.0
2240,383145982,0.0010400149660970564
2241,5191680,0.0
2242,286076587,1.5208729787981356e-06
2243,29825028,0.0
2244,235525,0.0
2245,10372097,0.00017250146919757747
2246,327890952,0.0
2247,178526220,0.0
2248,214726673,0.0011744268026333976
2249,3979283,0.0004991675671534442
2250,138078553,0.0
2251,13490202,0.002346566443474124
2252,12113949,0.0
2253,104479,0.0
2254,35526688,0.0
2255,145618977,0.0
2256,180320291,0.0
2257,155129892,3.3265640546358353e-06
2258,12662826,0.0
2259,105576491,0.0003907586360102188
2260,341049010,0.0
2261,352926045,0.0
2262,24729648,0.0
2263,1620017,0.0
2264,201381940,0.0
2265,5060661,0.0009062143096149224
2266,249845814,1.2748429215139073e-05
2267,141006903,0.0007202381687019747
2268,1169465,0.002382354404393079
2269,198367294,0.0
2270,301013058,0.0
2271,301439043,3.4265143233974064e-06
2272,3496009,0.0
2273,66304074,0.0036016468032765148
2274,149977163,0.0
2275,402421836,1.8396627300241822e-06
2276,5855312,0.0
2277,45996116,1.8975568452140409e-06
2278,5022679,0.011037923756009769
2279,346617861,2.0186536308672723e-05
2280,70326370,0.0
2281,44931171,0.0003563213271362383
2282,2914407,0.0
2283,191510635,0.0003647580853566382
2284,2332780,0.0
2285,451311727,0.0
2286,75339890,5.438120604026487e-05
2287,27801715,0.000577299541118842
2288,86007486,0.0
2289,331626614,0.0
2290,226255892,0.0007764861442831995
2291,1964154,1.3147372078166996e-05
2292,290823871,0.0
2293,345954430,0.0
2294,137672836,0.0
2295,132651142,0.0
2296,330766471,0.0
2297,9246859,0.001009783624286863
2298,126048396,0.00041077913986491956
2299,9058447,0.0
2300,289257617,0.0
2301,73922707,0.0
2302,6150294,0.0016413369258159239
2303,58554519,0.0
2304,337246360,0.00030245431777327423
2305,30827546,3.607538671576937e-05
2306,14760095,0.0
2307,36542624,0.0
2308,198759276,0.0
2309,180091044,1.9823998980422056e-05
2310,16971944,0.0
2311,201693354,0.0
2312,10164398,0.0
2313,189700271,0.0
2314,2422960,0.0
2315,2889906,0.0
2316,158357684,0.0016946191306723192
2317,74586295,0.0
2318,27498682,0.0
2319,9509051,0.0
2320,60889276,5.873745949229272e-05
2321,194642813,0.0
2322,2537676,0.0020333475459028607
2323,417741542,0.0
2324,362862802,0.0
2325,93157589,0.0
2326,473305,0.0027831473655139855
2327,194345178,9.652675122335264e-05
2328,110827743,2.778772143624337e-06
2329,348633315,0.0
2330,28047588,5.1816114857945e-06
2331,2037992,0.0
2332,9722090,3.677258458768339e-05
2333,225728748,0.000881998166340212
2334,317110509,0.0
2335,54786288,0.0
2336,142891250,0.00024038047328100225
2337,27613431,0.0
2338,183130369,6.460579793152014e-05
2339,226695432,5.20877166243731e-05
2340,176511244,0.0
2341,12507405,0.0
2342,155572496,0.001561257358658225
2343,333003026,0.00040992946411334634
2344,63936791,0.0003907586360102188
2345,230373660,0.0002451835399669212
2346,57858334,0.002339886704431856
2347,13957408,0.0011065583228889197
2348,196712737,0.0
2349,2005285,1.6342340520923017e-05
2350,336697642,0.0
2351,31996207,0.0015617016550038875
2352,410089777,0.0
2353,169269555,0.0
2354,330434953,8.990816221015815e-06
2355,308182266,0.0
2356,23755067,0.0
2357,20388162,0.0
2358,322550086,0.0
2359,302242122,0.0
2360,136067403,0.003843928259435917
2361,15898958,0.001083745980210855
2362,138197329,1.8242455330050383e-05
2363,497965395,0.0
2364,178198868,0.0
2365,239109369,0.0
2366,103930204,0.0
2367,334443578,0.00121116198372583
2368,162691423,9.804007490342164e-05
2369,348438327,0.0
2370,237115750,0.0
2371,155777385,0.0
2372,41449836,0.0
2373,5732717,1.0164889361045493e-05
2374,31979888,0.00019134547863421475
2375,2136437,1.3809491501617546e-05
2376,67197305,0.0
2377,15219072,0.0014889787317893676
2378,205076866,4.305730478214291e-06
2379,6158724,0.0
2380,181729670,0.0
2381,393684585,0.0
2382,481672,0.0003907586360102188
2383,311721708,0.0005313550876675623
2384,257759631,0.0
2385,258406803,2.067983090330749e-05
2386,349552366,0.0
2387,220928406,0.0
2388,8837527,0.0
2389,163658137,0.0
2390,3165935,7.003170402307348e-06
2391,22194586,0.0
2392,21920158,0.0005580824542843548
2393,9099679,0.0005432015158070217
2394,29399456,0.0
2395,314145185,0.0
2396,8018338,0.0004421411218992741
2397,7727515,0.0003907586360102188
2398,20953508,0.0
2399,29252005,0.0
2400,22804903,0.0
2401,137642,0.0
2402,82295217,0.00037406592987781627
2403,6502840,0.0
2404,140294559,0.0
2405,253884861,0.0015808179048463792
2406,179460542,6.638805820239158e-05
2407,59079107,0.00010345794094276778
2408,323180996,0.0
2409,382302625,2.8268580650740263e-05
2410,2365896,8.66680904871637e-06
2411,412391881,6.7914966283974915e-06
2412,6920651,0.0
2413,407878095,0.0
2414,817618,6.217283729562026e-06
2415,28793299,2.392587255034056e-06
2416,185547221,0.0005467768295045521
2417,26851798,0.0
2418,3250647,0.0
2419,235841956,0.00017844905228352336
2420,176585178,8.648711295476026e-05
2421,257014238,0.0
2422,283171237,0.0
2423,51780064,0.0005192837123845549
2424,358128100,0.005089653190975033
2425,365312485,0.0
2426,28228071,0.0041494341735572
2427,410671593,0.0003070246726253189
2428,454763602,0.0004083744256753363
2429,440998382,0.0
2430,196852217,0.0
2431,178100730,0.0
2432,18455035,8.898713677047337e-05
2433,85621245,0.0019493502165944684
2434,3021311,0.0003907586360102187
2435,62216706,3.4630563416059255e-05
2436,11739690,0.0
2437,286882311,0.0
2438,173644296,0.0
2439,261175817,0.0
2440,4340234,5.290485621166566e-05
2441,4061707,0.0
2442,244881933,2.9669962191224964e-05
2443,350255630,0.0
2444,46856722,0.0
2445,3455510,6.433832625987714e-06
2446,106273303,0.00573467618290693
2447,72146692,0.0
2448,240564763,1.2021265520314282e-06
2449,842271,0.0
2450,328990470,0.0
2451,43137577,0.0
2452,8395306,0.0
2453,267206521,2.052596743002354e-05
2454,414767665,2.6523741478189823e-06
2455,7215666,0.0
2456,44071476,0.00015492676244354786
2457,157866550,0.002320927896557046
2458,10000951,0.0006467031983472624
2459,152402489,0.0009193420294413298
2460,4938298,1.8723403496972437e-05
2461,2710075,0.000857867808804365
2462,87480893,0.0
2463,52689472,0.0
2464,18201155,0.0
2465,5551201,0.0
2466,32692809,0.0
2467,42965578,0.0004527658465996719
2468,11606603,0.0
2469,193837644,0.002746404760278454
2470,303209037,0.0
2471,79821390,0.0
2472,16677455,0.0
2473,32782928,4.955708341657962e-06
2474,11606611,0.011384156353252151
2475,269245015,0.0
2476,277863001,0.0
2477,760414,0.0
2478,386844571,0.0022527336409520504
2479,228998930,0.0001545826011889909
2480,7385539,0.0
2481,345523748,0.0
2482,57023088,0.0
2483,5511794,2.6416119009593415e-05
2484,276623123,0.0004330257733002094
2485,35584629,0.0003907586360102188
2486,408354564,0.0008463649847260595
2487,44006007,0.002883624265611475
2488,269646456,0.0
2489,3078778,0.0
2490,306395773,0.0
2491,429317189,0.0
2492,9894530,0.0
2493,132291203,0.0
2494,3668612,0.0
2495,7322249,0.0
2496,87620234,0.00043965996773346857
2497,75766411,0.00029001444534440524
2498,468453826,3.1250249536174836e-06
2499,269149293,0.0
2500,3414672,0.0
2501,265318168,0.0
2502,42220189,0.0017826807450418258
2503,25778850,0.0
2504,473438888,9.596241970673859e-06
2505,76561065,0.0
2506,241326763,0.0003405385202644436
2507,314030767,7.444686087293239e-07
2508,4479665,0.0012159051373735214
2509,6027959,0.0
2510,132389562,0.0
2511,8239804,0.0
2512,308746941,5.278101606883094e-06
2513,211647172,0.0
2514,359520965,0.0
2515,459897542,2.8268580650740263e-05
2516,6519497,0.00308905089845187
2517,317340362,4.286541615475254e-06
2518,328096459,1.2718901330266568e-05
2519,58710732,2.1030040602175664e-05
2520,43711181,0.0
2521,324942542,0.0
2522,82205391,0.0
2523,235510483,0.0
2524,22018774,0.0
2525,138959576,0.00019526824391869377
2526,71520036,1.250840555825155e-05
2527,158890714,5.190182476405128e-05
2528,2415323,0.00013881807811423635
2529,54270686,0.0
2530,213405631,0.0
2531,227318502,0.0
2532,335264488,0.0
2533,333142762,5.851082950819678e-05
2534,337599212,0.00039591322649454525
2535,187423473,0.0
2536,186359593,0.0003922630902624072
2537,139287288,0.0
2538,52017914,0.0
2539,84078379,9.292859063825628e-05
2540,227195655,3.4178360234484214e-06
2541,61537037,0.0
2542,296598288,0.0007581153703421456
2543,280124177,0.0006254739282035441
2544,138844947,0.0
2545,24656660,7.915877801614815e-05
2546,5094165,0.0
2547,15334167,0.0
2548,60234521,0.0
2549,5798687,0.0
2550,11451173,0.0
2551,48020263,0.0
2552,43162414,0.0
2553,178535218,4.819754239744442e-05
2554,424844085,0.0
2555,428379956,0.0
2556,256768829,5.8513946699179573e-05
2557,25320255,0.00012572348784266042
2558,235748161,0.0038191500103304512
2559,392250507,0.0
2560,423451460,0.0002604805564327177
2561,141712199,0.0
2562,867144,0.0
2563,386038602,0.0
2564,136657739,8.253109368919994e-05
2565,163019596,0.0014734431023955125
2566,19315535,0.0
2567,47225682,5.8127191440608626e-05
2568,338361172,0.0001744275811214622
2569,283908956,6.661467828700485e-05
2570,153577882,0.0
2571,211467103,2.8212535540385618e-05
2572,13769568,0.0
2573,6241123,0.0003907586360102188
2574,204503908,0.0
2575,174201702,0.0
2576,371882855,0.0003907586360102187
2577,6445931,0.0
2578,242105200,0.001450063363403737
2579,23796593,0.0
2580,38116224,0.0
2581,246435648,0.0
2582,19307395,0.0004808565346002151
2583,35199878,0.00011248713220554101
2584,30923658,0.0
2585,16017206,0.0
2586,24132502,0.0
2587,312263833,0.0012114086175679674
2588,320674715,0.0
2589,307059614,7.741676209267003e-06
2590,30587808,0.0
2591,501726118,0.0
2592,801704,0.00021333161906798596
2593,21396394,0.0003907586360102188
2594,80813,0.00806441045656837
2595,370842557,0.0
2596,10271680,0.000467121122002681
2597,196074433,0.0003907586360102188
2598,97672130,0.0
2599,403446724,0.0002955334181121097
2600,116620229,0.0
2601,51092425,0.0035360244764290507
2602,2030543,0.00177727969706133
2603,137935825,0.0
2604,173218773,0.0
2605,39058394,5.672878313982329e-06
2606,234484090,1.718257004761278e-05
2607,189111263,0.0019892179064776193
2608,310909920,0.0
2609,53492709,0.00022853509220897004
2610,318061544,0.0
2611,467401706,0.0005588434305095382
2612,221879280,0.0
2613,116956146,3.9705566240214705e-06
2614,302398454,3.5180286868518054e-05
2615,336108535,0.00018290203585291515
2616,46906362,0.008791947776964688
2617,216234495,0.0002644304043724969
2618,6192127,0.0
2619,367520671,0.0003228261416139109
2620,301284357,0.0013177540444481094
2621,57359367,0.0
2622,56179720,0.0
2623,309845001,0.0
2624,249854989,0.0
2625,258950317,3.962111493264851e-05
2626,83598355,5.608143366695507e-05
2627,31292436,0.0
2628,312619669,0.0
2629,517514415,5.464589794298796e-06
2630,671578,0.0
2631,54631455,0.0
2632,190725154,0.0
2633,116259880,0.0
2634,139493212,0.0
2635,93330474,0.0
2636,1547307,0.0
2637,409541677,0.00011683629870054458
2638,1031216,0.0
2639,150780977,0.0
2640,4168755,0.0014940293684293207
2641,316406838,0.0
2642,229907511,0.0
2643,73432121,0.0007714105274689527
2644,184319035,0.00020700314270560082
2645,219610172,0.0004078443464566942
2646,15727680,0.0020307275695331467
2647,372030532,0.0
2648,16948293,0.00040940673231410694
2649,24337479,0.0
2650,245546056,0.00021453762400759643
2651,5823561,2.3765044124351315e-05
2652,6224970,0.0012331927433888194
2653,234470481,0.0
2654,238984274,0.0
2655,47922259,0.0
2656,352787542,0.0
2657,59161689,0.0
2658,410549340,0.0
2659,283573342,0.0
2660,200776801,4.864624589432765e-06
2661,26926178,4.8662912425532565e-05
2662,365280362,0.0
2663,83795053,0.00042206287570948796
2664,55368816,0.0016192960564729653
2665,132127862,0.008470287153831984
2666,8559738,0.0
2667,300258495,0.0
2668,203349116,0.0
2669,4430974,0.0004885749597296169
2670,295847104,0.0
2671,404962437,0.0
2672,28818570,0.0
2673,11295890,5.306479727142134e-06
2674,314915987,0.0
2675,14826645,6.774422725858292e-05
2676,1359003,0.0
2677,105631,0.0
2678,8240288,4.184993559056508e-06
2679,485317715,0.0
2680,135021862,6.576009001696446e-05
2681,333888681,0.0
2682,26746028,0.0
2683,8092846,0.0009909388896816001
2684,335723695,0.0
2685,2800818,0.0
2686,150813875,9.064093989749629e-07
2687,32087222,0.00017963617871901861
2688,215609098,3.910420075138532e-05
2689,62389438,4.587193909155627e-06
2690,67762423,6.545313992550473e-06
2691,34651328,3.6798520316623894e-06
2692,141622467,8.38762188666263e-05
2693,1473740,0.0
2694,205102286,0.0
2695,82042067,0.0005235198537371367
2696,150306007,1.7793147206835582e-05
2697,43236575,0.0011731652636636117
2698,2776288,5.802723799959886e-05
2699,179600256,0.0
2700,449207086,0.0
2701,131792103,0.0004535300113990149
2702,66133228,1.4504048195501034e-05
2703,135929072,0.00029641359011115556
2704,68258344,0.0
2705,2342131,0.002026322091980384
2706,224304372,0.0
2707,181329143,1.7734286727025342e-05
2708,2899194,0.0
2709,50117883,0.0
2710,39676458,0.0
2711,3702019,1.4562205128371041e-05
2712,170602253,0.0007823884675850938
2713,302734601,0.0
2714,48659722,0.0009820799537040672
2715,189627659,0.00018535236171390594
2716,163396880,0.0
2717,158973202,1.851100529152553e-05
2718,8543507,0.00023421534568906244
2719,133545236,0.0
2720,397958422,0.0
2721,35904791,7.808448128411764e-05
2722,210165016,0.0
2723,177659165,0.0003907586360102188
2724,159903621,0.0
2725,67804452,0.0
2726,281279781,6.011951777926088e-05
2727,6421799,0.0
2728,302554409,0.0
2729,9952555,0.0
2730,95353394,0.0016492011582236621
2731,59350318,5.1777185784039515e-06
2732,10124593,0.0011988653047006355
2733,458425566,1.5658498288471303e-07
2734,357465398,0.0
2735,3177783,0.0
2736,40615225,0.0
2737,4134111,0.0003544938330438507
2738,24075584,0.0
2739,393132505,0.0
2740,5840779,0.0
2741,329528351,0.0
2742,74980682,0.0
2743,57916750,0.0
2744,3882319,0.0
2745,45563216,0.0020075975989901937
2746,155295058,0.0
2747,216456531,1.180112943805128e-05
2748,151223638,0.0
2749,302341465,0.0
2750,293887327,0.0
2751,161570146,0.0
2752,162241083,0.0011292690656519338
2753,7042278,0.0
2754,127434087,0.0
2755,135375122,0.0
2756,49372523,4.352640035115082e-05
2757,187571568,0.0
2758,34758005,0.0
2759,2080119,2.8673275898142414e-05
2760,119045496,0.0
2761,139509114,0.0
2762,242261379,0.0
2763,7683467,0.0
2764,154131852,0.0
2765,435756430,0.0
2766,199081361,2.470903081402244e-05
2767,9035155,0.0
2768,410498954,0.0005112647981498809
2769,31456661,0.0004238410747766788
2770,281550231,0.0
2771,224394650,0.0017042893441083175
2772,818587,1.1321555525214548e-05
2773,15932829,0.001361842533146422
2774,3890591,0.0
2775,316177827,0.0
2776,30449060,0.001776316409124445
2777,22003110,0.0
2778,241049000,0.0
2779,523689,0.0014180104366957509
2780,182233671,0.0
2781,59874741,4.442963456625569e-07
2782,182336951,0.0
2783,153157050,0.0
2784,7249339,0.0
2785,239869373,7.258687402331672e-05
2786,347388491,0.0
2787,7822790,0.0
2788,330923468,0.0
2789,74939854,0.0
2790,204240,0.0
2791,13475282,0.0
2792,10018259,0.0
2793,5135831,0.0
2794,16948696,0.0
2795,15810010,0.0006419943533770877
2796,2883036,0.0
2797,182427101,7.141150252079478e-06
2798,233602526,0.0
2799,13434335,0.0005204640908124821
2800,133324256,0.001887712249715931
2801,27934177,0.0
2802,175365602,0.0004021282216011574
2803,351715,0.0
2804,78953956,0.00019600036146752073
2805,137169489,0.0
2806,306281961,0.0
2807,227491307,0.0
2808,29182546,0.0
2809,9059824,5.769055971383267e-06
2810,171515378,0.00016620317564092584
2811,486270010,0.0
2812,39329270,0.0
2813,6479351,1.47099936935315e-05
2814,14835192,0.020254306653947778
2815,322878969,0.0
2816,310738429,0.0
2817,61144574,1.7190574580524923e-05
2818,361717249,0.0
2819,3759618,6.481322224100547e-05
2820,177102339,0.0
2821,146568449,0.0
2822,352427529,0.000783748968904728
2823,23092748,1.637763591204313e-05
2824,96583190,0.0
2825,22126104,0.0007872182105124791
2826,2178586,0.0
2827,489357231,3.4432966788848154e-06
2828,459448532,9.201779448206325e-06
2829,33095199,0.0003907586360102188
2830,469745185,0.0
2831,134209058,0.0
2832,70819370,0.0
2833,11492909,0.001192308604185487
2834,319118894,0.0
2835,10329649,0.0
2836,377159218,0.0
2837,59883059,0.0
2838,19422776,0.0
2839,2217226,0.0
2840,258825790,0.00010586488731626651
2841,286271,0.0
2842,240123457,0.0
2843,34700866,6.69533677495051e-05
2844,613955,0.0
2845,300711492,0.0
2846,309321287,0.0
2847,36716104,5.250947736917736e-05
2848,253263435,3.059647669955402e-06
2849,145923663,0.0005001124611030114
2850,143621712,0.0
2851,430947924,0.0
2852,361266778,0.0
2853,173707194,0.0
2854,7683678,0.0
2855,8109667,0.0
2856,43916901,0.0
2857,105635434,0.0
2858,401497708,0.0
2859,6356589,0.0
2860,1867376,0.0004323938074972056
2861,11992689,0.0004042335062859357
2862,47169139,0.0
2863,341005856,0.0
2864,3268213,0.0005210359869756298
2865,10468982,5.291032796873815e-06
2866,63741562,0.0
2867,68271739,0.0
2868,122117759,0.0
2869,4644480,0.0
2870,434008000,2.2214817283127845e-07
2871,178978435,0.0005601450712905802
2872,202063492,0.0
2873,4054661,0.0
2874,368263,0.0
2875,6487688,0.000993786052583248
2876,264227773,2.082487457022632e-05
2877,14098058,1.4563872561563406e-06
2878,7888523,0.0004003149842380832
2879,198090381,0.0
2880,229809806,0.0
2881,364461713,2.3834941453495585e-05
2882,83803795,0.001156162714987851
2883,2203284,0.0011390904228860664
2884,370785943,0.0
2885,6397597,0.0
2886,19865541,0.0003907586360102187
2887,292445857,0.0
2888,104029858,0.00038708592347414157
2889,1883814,0.0
2890,10509993,0.0
2891,74848882,0.0
2892,61685422,0.0008688590272198401
2893,18874034,0.0
2894,60312179,0.0
2895,244473526,0.0
2896,337764297,0.0
2897,34266812,0.0
2898,5586621,0.0
2899,4390590,0.0
2900,163068533,0.0005393553822427951
2901,138951,5.0316470569252026e-05
2902,7634633,0.0
2903,7118538,0.0
2904,199532237,3.868186246646463e-06
2905,5381843,0.0
2906,200146645,8.780208245308127e-06
2907,3096282,0.00030066878097796066
2908,8396508,0.0
2909,52599418,5.657024399810499e-06
2910,26476261,0.0
2911,95928039,0.0
2912,54591210,0.0001749136105653424
2913,11321068,0.0011709430189936686
2914,83672814,0.0
2915,252649201,0.0
2916,93896441,0.0019759507069006038
2917,371744512,1.3048336438676422e-05
2918,30553387,0.00023609445210306823
2919,32734980,4.743429934387719e-06
2920,176517078,2.019315677228617e-05
2921,3481350,0.0
2922,199402103,0.0004453470403649692
2923,55254796,0.00023206898127359107
2924,54673168,0.0
2925,2883346,1.1703253797555698e-06
2926,309648003,0.023037592526489088
2927,24058500,0.0003998278297919424
2928,235044634,0.0
2929,13385501,0.00026714362014039836
2930,482008862,0.00018772704007301451
2931,98991905,0.0
2932,348864292,0.0
2933,186236710,0.00012669304808745553
2934,346529575,0.0
2935,13819688,1.1915432180926041e-05
2936,32505641,0.0
2937,361778,8.372232364155636e-06
2938,276365103,0.0
2939,167770761,0.0
2940,212991804,1.7353009415639846e-05
2941,199016253,8.417288176870992e-05
2942,310682077,1.8525647262367574e-05
2943,385310538,0.0
2944,244375371,5.5882679746437135e-05
2945,23138771,0.0
2946,142364643,1.2004410002445949e-05
2947,34881367,0.0
2948,2006874,0.0
2949,34439004,1.599843672298759e-05
2950,453771101,0.0
2951,97249690,7.744358639228607e-05
2952,96165729,0.0
2953,40288098,9.629885662942537e-05
2954,173670243,0.001180790310298466
2955,226524599,0.0
2956,173989737,0.00021903010589517763
2957,5300080,0.0
2958,518020978,0.0
2959,156958581,0.0
2960,424042359,0.0
2961,466809,0.0016656729097494032
2962,150904702,6.952484530741028e-05
2963,22101890,0.0
2964,233881477,0.0
2965,9846663,0.0
2966,332324744,6.02361298958003e-05
2967,18161547,0.0
2968,206323597,0.0
2969,54321050,2.299932840365036e-06
2970,100622244,1.7259597008780643e-05
2971,240148399,0.0011713873153393313
2972,239951797,0.00013561511645003552
2973,108847030,0.0
2974,132972477,0.0
2975,62980037,0.0
2976,111206342,9.45834505585282e-05
2977,383500231,0.0
2978,3186632,0.0
2979,7143369,0.0
2980,17776586,0.0
2981,39337935,0.0
2982,26009552,0.0
2983,55590865,0.0
2984,21488974,0.006303627358897104
2985,23134166,0.0
2986,454574073,0.0
2987,81882,0.0
2988,179814366,0.0
2989,296607712,0.0005429570196971438
2990,68050913,0.0006905483904310098
2991,180412386,0.01159793798288123
2992,410615781,0.0
2993,196296678,0.00023578466052922868
2994,4620266,0.0013042991236020438
2995,4128747,0.00040598012989240414
2996,377993098,0.0
2997,314343410,5.048028704632214e-06
2998,8167412,0.0
2999,419852286,0.0
3000,15114233,0.0
3001,1662970,0.0
