,node,degree
0,8265731,0.001999333555481506
1,77561863,0.00866377874041986
2,248012808,0.0
3,177520651,0.0003332222592469177
4,166297612,0.016661112962345886
5,13721613,0.0013328890369876708
6,28917776,0.0003332222592469177
7,4104209,0.0016661112962345886
8,819228,0.0006664445184938354
9,153305119,0.0
10,8172838,0.0003332222592469177
11,1679396,0.0
12,225075312,0.0026657780739753416
13,358146090,0.0003332222592469177
14,377856044,0.0003332222592469177
15,88956978,0.0
16,416579635,0.000999666777740753
17,15753269,0.001999333555481506
18,215900217,0.0003332222592469177
19,15081530,0.0
20,277749821,0.0
21,263782465,0.003998667110963012
22,61489220,0.022659113628790403
23,84394054,0.006664445184938354
24,17621065,0.002332555814728424
25,6758474,0.0
26,230932555,0.0013328890369876708
27,1605717,0.0
28,3047513,0.0006664445184938354
29,8912990,0.0
30,457670757,0.0
31,231727206,0.0
32,288743528,0.0
33,147561,0.0003332222592469177
34,329662573,0.0003332222592469177
35,144212080,0.0006664445184938354
36,76882035,0.0
37,124944506,0.0
38,2621569,0.0006664445184938354
39,99123331,0.0
40,77422724,0.00433188937020993
41,143040646,0.0003332222592469177
42,253485196,0.0
43,5824658,0.0006664445184938354
44,216055957,0.0
45,13451415,0.0
46,372349636,0.0
47,13885595,0.002332555814728424
48,133857437,0.0
49,183869604,0.0006664445184938354
50,251947718,0.0003332222592469177
51,13074599,0.0
52,282905287,0.0
53,253853869,0.0
54,112091312,0.000999666777740753
55,70820019,0.0003332222592469177
56,148095162,0.0
57,64667837,0.007330889703432189
58,100106430,0.002999000333222259
59,457270646,0.0
60,9494730,0.002999000333222259
61,9404626,0.001999333555481506
62,213680339,0.0
63,152461524,0.0
64,622806,0.0003332222592469177
65,80610681,0.0
66,17907748,0.0003332222592469177
67,151601373,0.014995001666111297
68,96878819,0.00866377874041986
69,102310119,0.0
70,21889259,0.0
71,96076012,0.0003332222592469177
72,46719215,0.001999333555481506
73,118497523,0.0
74,60178678,0.016661112962345886
75,243949819,0.0
76,934141,0.004998333888703766
77,1163518,0.0006664445184938354
78,10592513,0.0003332222592469177
79,378519819,0.0
80,235512078,0.0006664445184938354
81,5759249,0.0
82,135237678,0.0
83,17301783,0.0006664445184938354
84,133882136,0.0
85,170713369,0.0006664445184938354
86,303816987,0.0
87,307181767,0.0
88,3224965,0.002999000333222259
89,235520288,0.0013328890369876708
90,1138980,0.018660446517827393
91,6308134,0.015661446184605132
92,177819697,0.0
93,184484136,0.0
94,680234,0.0
95,290788585,0.0
96,358375726,0.0013328890369876708
97,283331293,0.0
98,310108466,0.0
99,1032502,0.0006664445184938354
100,154247479,0.0
101,220381503,0.005331556147950683
102,454506969,0.0003332222592469177
103,146858308,0.0
104,29860165,0.0013328890369876708
105,6111560,0.007330889703432189
106,70369613,0.00433188937020993
107,256981329,0.0
108,2777424,0.0006664445184938354
109,2900305,0.0
110,901466,0.000999666777740753
111,302793054,0.013662112629123625
112,261528293,0.006331222925691437
113,71909728,0.0003332222592469177
114,57139556,0.0
115,385530598,0.0
116,250577256,0.0
117,324788585,0.000999666777740753
118,326254954,0.0
119,53780843,0.001999333555481506
120,409586782,0.0003332222592469177
121,95674733,0.0003332222592469177
122,164634990,0.0
123,497254771,0.0003332222592469177
124,4358516,0.000999666777740753
125,227242046,0.0006664445184938354
126,1868150,0.0006664445184938354
127,180855159,0.0
128,50233720,0.0003332222592469177
129,206856575,0.0006664445184938354
130,474956162,0.0
131,186040709,0.0
132,28664199,0.0026657780739753416
133,433578377,0.000999666777740753
134,177255730,0.009330223258913696
135,410249099,0.006331222925691437
136,270733,0.019660113295568146
137,33145236,0.0003332222592469177
138,173867418,0.0013328890369876708
139,315659752,0.0006664445184938354
140,74965408,0.002999000333222259
141,253562003,0.0
142,22184361,0.000999666777740753
143,2228656,0.008997000999666778
144,547901512,0.0
145,158646713,0.0
146,3622021,0.0013328890369876708
147,120603078,0.0
148,2720199,0.0006664445184938354
149,225677388,0.005331556147950683
150,11010509,0.0006664445184938354
151,94052814,0.0036654448517160947
152,248938961,0.0003332222592469177
153,361759186,0.001999333555481506
154,96084435,0.002999000333222259
155,37265882,0.0003332222592469177
156,9945564,0.0003332222592469177
157,4258554,0.001999333555481506
158,184877534,0.0036654448517160947
159,138895839,0.0003332222592469177
160,6758880,0.000999666777740753
161,213475,0.004998333888703766
162,394220674,0.0006664445184938354
163,22872551,0.0
164,199950824,0.0
165,3260912,0.0003332222592469177
166,2597364,0.010329890036654448
167,218464758,0.000999666777740753
168,101573113,0.0
169,99951104,0.0
170,8926635,0.015661446184605132
171,20505094,0.0
172,349053449,0.008330556481172943
173,17973774,0.0003332222592469177
174,2261519,0.0
175,38109716,0.0
176,253624855,0.004998333888703766
177,263012890,0.003998667110963012
178,31097374,0.0
179,163709471,0.0003332222592469177
180,8593953,0.0
181,329233952,0.0
182,13705770,0.0003332222592469177
183,14647853,0.0003332222592469177
184,2335281,0.0003332222592469177
185,39576114,0.0006664445184938354
186,198042165,0.0
187,454607414,0.0
188,21463619,0.01732755748083972
189,271426117,0.0003332222592469177
190,141066824,0.0003332222592469177
191,356023053,0.0
192,382853719,0.0003332222592469177
193,57746009,0.018327224258580473
194,13001306,0.0
195,20947558,0.0
196,72532584,0.003332222592469177
197,1884780,0.0
198,301893053,0.0003332222592469177
199,17047657,0.018327224258580473
200,42271353,0.0003332222592469177
201,4886647,0.0003332222592469177
202,179849627,0.0
203,159048318,0.0013328890369876708
204,372572113,0.0
205,13369989,0.007664111962679107
206,104022662,0.0
207,1311367,0.005998000666444518
208,5579401,0.0
209,918154,0.0003332222592469177
210,138592090,0.0003332222592469177
211,75752077,0.0
212,1507982,0.0
213,231662224,0.0026657780739753416
214,253534866,0.0
215,458629779,0.0
216,7373462,0.0003332222592469177
217,35168919,0.0
218,183771806,0.0
219,154267760,0.0
220,6374050,0.0006664445184938354
221,2146979,0.003332222592469177
222,228287140,0.0
223,56758385,0.0026657780739753416
224,169789955,0.0003332222592469177
225,1049265,0.0
226,56517298,0.0003332222592469177
227,2081459,0.0003332222592469177
228,53732022,0.012662445851382874
229,76104375,0.012329223592135955
230,66962106,0.000999666777740753
231,6010315,0.0003332222592469177
232,332112582,0.002332555814728424
233,17195719,0.001999333555481506
234,7553739,0.0
235,365945550,0.006997667444185272
236,402129,0.0
237,5268178,0.000999666777740753
238,319998755,0.0
239,221127384,0.0026657780739753416
240,22880986,0.001999333555481506
241,260874971,0.0
242,228405370,0.0
243,327912229,0.001999333555481506
244,185565924,0.0006664445184938354
245,258637722,0.0
246,31335150,0.0006664445184938354
247,2106095,0.0
248,451044080,0.000999666777740753
249,325083890,0.0
250,991988,0.006331222925691437
251,226542327,0.0036654448517160947
252,6931194,0.0003332222592469177
253,21750528,0.0013328890369876708
254,24486657,0.0
255,229966594,0.000999666777740753
256,9011972,0.0
257,21192833,0.0
258,112886536,0.0006664445184938354
259,459530,0.000999666777740753
260,3293963,0.000999666777740753
261,32744205,0.0
262,463938320,0.0
263,98698001,0.0013328890369876708
264,296193320,0.0
265,516883,0.0013328890369876708
266,11633428,0.0
267,156072750,0.0
268,7176983,0.0013328890369876708
269,50414368,0.0
270,359916321,0.0
271,6669091,0.0
272,12477222,0.000999666777740753
273,26829615,0.0
274,12026678,0.0006664445184938354
275,8422201,0.0036654448517160947
276,8348478,0.0
277,6267711,0.0013328890369876708
278,240591680,0.0
279,3932995,0.002332555814728424
280,11936582,0.013995334888370544
281,50864977,0.0
282,19391320,0.0003332222592469177
283,296174427,0.0
284,7955292,0.0
285,335586145,0.0
286,112444259,0.0
287,10765158,0.0
288,24617832,0.0013328890369876708
289,254681961,0.0
290,18277227,0.0003332222592469177
291,4850540,0.0
292,7168878,0.0013328890369876708
293,1459055,0.0
294,151118704,0.000999666777740753
295,218289640,0.0036654448517160947
296,85181301,0.0006664445184938354
297,19219319,0.0016661112962345886
298,216302457,0.0003332222592469177
299,210764666,0.0
300,57369467,0.0003332222592469177
301,148382588,0.0003332222592469177
302,93045629,0.0013328890369876708
303,27968383,0.0006664445184938354
304,2391514,0.0
305,213058725,0.0006664445184938354
306,321209218,0.003998667110963012
307,51397509,0.0
308,7455625,0.002332555814728424
309,169975959,0.014661779406864379
310,3849,0.0
311,2761622,0.0016661112962345886
312,56591256,0.0
313,141190041,0.000999666777740753
314,100041626,0.0006664445184938354
315,290595739,0.0006664445184938354
316,301540253,0.0
317,38923077,0.0003332222592469177
318,187057056,0.0006664445184938354
319,248988577,0.000999666777740753
320,86320039,0.0003332222592469177
321,238314408,0.0003332222592469177
322,10863532,0.0003332222592469177
323,66945965,0.0
324,256209053,0.0
325,180345672,0.0016661112962345886
326,179078066,0.0006664445184938354
327,40313779,0.0
328,94520244,0.0
329,21300150,0.0013328890369876708
330,272155575,0.0
331,152462264,0.0003332222592469177
332,92825076,0.0
333,78799802,0.0036654448517160947
334,19276732,0.0013328890369876708
335,1516477,0.0003332222592469177
336,2393024,0.0006664445184938354
337,169403329,0.006997667444185272
338,168510408,0.0
339,84545699,0.002332555814728424
340,21701589,0.003332222592469177
341,177357782,0.0
342,721879,0.0
343,61236186,0.012329223592135955
344,65264463,0.0
345,10511325,0.000999666777740753
346,36602852,0.0
347,299137707,0.004665111629456848
348,133440486,0.0013328890369876708
349,349856743,0.0
350,26764267,0.0013328890369876708
351,3974137,0.0
352,326170111,0.0
353,338268360,0.0
354,71091198,0.0
355,33375233,0.0
356,9421828,0.0
357,156218881,0.001999333555481506
358,1328136,0.004665111629456848
359,14861323,0.0003332222592469177
360,4883473,0.0
361,1803282,0.000999666777740753
362,3220500,0.0003332222592469177
363,16704534,0.0
364,183682071,0.0
365,15909912,0.0
366,9126938,0.006331222925691437
367,256694113,0.0
368,246365203,0.0
369,8995876,0.0
370,369632294,0.002999000333222259
371,496092199,0.0
372,7496748,0.0
373,394290,0.0006664445184938354
374,259744820,0.000999666777740753
375,281142325,0.0
376,136830202,0.0003332222592469177
377,380814394,0.000999666777740753
378,244357983,0.0003332222592469177
379,389547069,0.0
380,339305534,0.0003332222592469177
381,172262464,0.0
382,49480773,0.0
383,394028110,0.001999333555481506
384,89031761,0.0
385,20276306,0.0
386,45089876,0.0
387,450643030,0.0
388,9384121,0.0
389,265905240,0.0
390,66511961,0.000999666777740753
391,3908698,0.0003332222592469177
392,347276380,0.0
393,232637545,0.0
394,402793580,0.0006664445184938354
395,35079277,0.0
396,361358446,0.007330889703432189
397,194774128,0.0013328890369876708
398,341542002,0.0
399,258212982,0.0013328890369876708
400,351798391,0.0016661112962345886
401,459424890,0.0
402,343770238,0.0
403,7644287,0.0
404,2450560,0.004998333888703766
405,44994752,0.000999666777740753
406,46302339,0.0016661112962345886
407,41526405,0.0013328890369876708
408,259933323,0.007330889703432189
409,471561633,0.0006664445184938354
410,339395731,0.0
411,71165076,0.0
412,13755541,0.0
413,7750807,0.000999666777740753
414,9405593,0.0003332222592469177
415,155501722,0.0
416,99487,0.0003332222592469177
417,300975268,0.0
418,5637285,0.0006664445184938354
419,1967271,0.0003332222592469177
420,12043434,0.0
421,329663659,0.0013328890369876708
422,7005356,0.0003332222592469177
423,14075053,0.004998333888703766
424,57328814,0.02765744751749417
425,178480303,0.0013328890369876708
426,156550321,0.0003332222592469177
427,325887155,0.0
428,432211486,0.0003332222592469177
429,273867958,0.0006664445184938354
430,372876473,0.0
431,16245948,0.0006664445184938354
432,261014720,0.000999666777740753
433,314737857,0.0
434,270632130,0.002999000333222259
435,266159306,0.0
436,350980983,0.001999333555481506
437,35160889,0.0
438,1115342,0.000999666777740753
439,370279633,0.0
440,182494422,0.000999666777740753
441,88238969,0.0
442,60695768,0.0
443,3523801,0.0006664445184938354
444,8234205,0.0
445,54101214,0.0003332222592469177
446,429073632,0.010329890036654448
447,144778468,0.0003332222592469177
448,771304,0.000999666777740753
449,80733419,0.00433188937020993
450,417252593,0.0
451,80241908,0.0016661112962345886
452,361940216,0.000999666777740753
453,226328788,0.0003332222592469177
454,1271036,0.0
455,5080319,0.0006664445184938354
456,23528705,0.0006664445184938354
457,935172,0.0003332222592469177
458,3121366,0.0
459,168830215,0.0003332222592469177
460,10470667,0.0
461,18097420,0.0016661112962345886
462,207316241,0.0
463,10786350,0.0003332222592469177
464,229917979,0.0003332222592469177
465,7832862,0.0
466,110904609,0.0036654448517160947
467,3499301,0.0
468,3310886,0.0
469,11257127,0.0006664445184938354
470,14837036,0.0
471,2499890,0.0003332222592469177
472,11560244,0.000999666777740753
473,2557240,0.0006664445184938354
474,2819387,0.0036654448517160947
475,56263996,0.000999666777740753
476,362306442,0.0
477,2737471,0.0
478,190711106,0.0003332222592469177
479,3376453,0.000999666777740753
480,90420791,0.0
481,20473166,0.0
482,182027603,0.0013328890369876708
483,17663316,0.0013328890369876708
484,261211478,0.0
485,28067160,0.0013328890369876708
486,325264733,0.0
487,181069150,0.005664778407197601
488,264455519,0.0003332222592469177
489,41616745,0.0
490,69043563,0.004998333888703766
491,230633704,0.0
492,188441970,0.0003332222592469177
493,19015028,0.0
494,267470197,0.0013328890369876708
495,927094,0.0026657780739753416
496,159114616,0.0
497,28198265,0.0006664445184938354
498,7390588,0.0003332222592469177
499,164488573,0.0
500,92646293,0.00433188937020993
501,116336001,0.0003332222592469177
502,225133954,0.0
503,231775126,0.0
504,142648710,0.0
505,5981579,0.0
506,218681581,0.0
507,2303379,0.0003332222592469177
508,1779095,0.0
509,274494276,0.0013328890369876708
510,171328921,0.0006664445184938354
511,257786095,0.006997667444185272
512,106440092,0.0
513,14951841,0.0
514,329131428,0.0003332222592469177
515,11473137,0.0
516,20587944,0.000999666777740753
517,166684079,0.004665111629456848
518,24847793,0.0003332222592469177
519,9774518,0.000999666777740753
520,221727647,0.0003332222592469177
521,109471165,0.0013328890369876708
522,185935294,0.0006664445184938354
523,11888064,0.011329556814395202
524,95083424,0.0
525,297526724,0.0
526,199198149,0.0
527,183248328,0.0
528,100902346,0.0
529,171107787,0.00433188937020993
530,27239884,0.001999333555481506
531,123413971,0.0003332222592469177
532,226903508,0.0
533,9831896,0.0
534,335005146,0.00433188937020993
535,60261851,0.0
536,37889500,0.0
537,29484509,0.0
538,411109,0.0
539,278442260,0.0
540,507442769,0.0013328890369876708
541,215247783,0.0
542,479330557,0.0
543,58006440,0.00433188937020993
544,124519923,0.0
545,787956,0.0003332222592469177
546,104596981,0.0003332222592469177
547,81847801,0.0016661112962345886
548,77907451,0.0006664445184938354
549,22906366,0.0
550,32957951,0.0
551,16180741,0.0
552,204023304,0.010663112295901367
553,135054857,0.0003332222592469177
554,189193133,0.0013328890369876708
555,238339894,0.018327224258580473
556,68060694,0.0016661112962345886
557,1533464,0.0006664445184938354
558,575002,0.001999333555481506
559,378398,0.000999666777740753
560,117070671,0.004665111629456848
561,244934180,0.0003332222592469177
562,75302,0.0003332222592469177
563,13723178,0.0
564,24860253,0.0
565,389098419,0.002332555814728424
566,417244727,0.0
567,24610362,0.0003332222592469177
568,288319035,0.0003332222592469177
569,935484,0.0013328890369876708
570,208643646,0.000999666777740753
571,22464064,0.0003332222592469177
572,226346592,0.0026657780739753416
573,163964489,0.0
574,441116236,0.0003332222592469177
575,19686989,0.0003332222592469177
576,251758165,0.0
577,87811674,0.0003332222592469177
578,152045148,0.002999000333222259
579,64407134,0.026657780739753417
580,43550303,0.0
581,337504,0.0003332222592469177
582,103884386,0.001999333555481506
583,176162403,0.0
584,197305956,0.0006664445184938354
585,17507943,0.004998333888703766
586,21284457,0.0
587,13813357,0.0003332222592469177
588,24839790,0.0016661112962345886
589,6825583,0.0003332222592469177
590,327378545,0.0003332222592469177
591,134973042,0.000999666777740753
592,13977205,0.0026657780739753416
593,3286646,0.0003332222592469177
594,324470377,0.0
595,316810872,0.0
596,3633428,0.0016661112962345886
597,13706874,0.01732755748083972
598,128018047,0.0
599,4368001,0.0
600,334903882,0.0003332222592469177
601,346818182,0.0006664445184938354
602,325158536,0.0003332222592469177
603,283068042,0.002332555814728424
604,183334509,0.0
605,198537496,0.002332555814728424
606,146900626,0.0
607,271173267,0.002332555814728424
608,287270872,0.008330556481172943
609,224519831,0.0
610,145417881,0.000999666777740753
611,310871707,0.0026657780739753416
612,281335408,0.0003332222592469177
613,47400610,0.000999666777740753
614,5670567,0.0
615,8210091,0.002999000333222259
616,21456556,0.0003332222592469177
617,217392815,0.000999666777740753
618,425337118,0.0
619,57763512,0.0003332222592469177
620,2069931,0.0
621,13280958,0.0006664445184938354
622,399982880,0.0016661112962345886
623,329416,0.0003332222592469177
624,316360394,0.006997667444185272
625,30435019,0.0
626,16369356,0.000999666777740753
627,152757965,0.0
628,174853652,0.0006664445184938354
629,18867920,0.0
630,510797667,0.0003332222592469177
631,3696339,0.001999333555481506
632,192251605,0.000999666777740753
633,68765399,0.0003332222592469177
634,92800729,0.0
635,240592602,0.0
636,13739747,0.0
637,219875044,0.002999000333222259
638,142885158,0.0
639,308160234,0.0003332222592469177
640,235794727,0.0003332222592469177
641,114853612,0.0
642,71166930,0.0
643,64317171,0.0
644,392914676,0.0
645,2377461,0.0
646,375932664,0.0
647,294962938,0.002999000333222259
648,207595259,0.002999000333222259
649,201819902,0.0
650,24790789,0.001999333555481506
651,172287617,0.0003332222592469177
652,11003659,0.0016661112962345886
653,358819596,0.0
654,1697549,0.0376541152949017
655,363700525,0.0036654448517160947
656,116501,0.0003332222592469177
657,250619671,0.0003332222592469177
658,53651229,0.003332222592469177
659,151234334,0.0
660,92022559,0.0
661,32589601,0.0006664445184938354
662,154887970,0.005998000666444518
663,50841379,0.0
664,7898923,0.0
665,192055087,0.001999333555481506
666,15951664,0.0026657780739753416
667,197928756,0.0016661112962345886
668,85403445,0.006331222925691437
669,30869302,0.0003332222592469177
670,191711036,0.0
671,20743998,0.0
672,500795200,0.0
673,348800834,0.0003332222592469177
674,4204364,0.0
675,1869645,0.003998667110963012
676,115500887,0.0
677,4772154,0.0
678,249062777,0.0003332222592469177
679,24135522,0.0
680,183035747,0.007997334221926024
681,174573412,0.001999333555481506
682,26265445,0.0
683,8980326,0.0
684,148490087,0.0026657780739753416
685,280995688,0.0003332222592469177
686,5375852,0.0
687,10096,0.0003332222592469177
688,230213489,0.003998667110963012
689,36194165,0.000999666777740753
690,8136572,0.0
691,241190782,0.0013328890369876708
692,240617345,0.001999333555481506
693,2320260,0.0
694,206145413,0.0016661112962345886
695,234699142,0.0
696,40519559,0.0003332222592469177
697,1058696,0.004998333888703766
698,23078793,0.0
699,55363467,0.0
700,7686032,0.0
701,231516052,0.0003332222592469177
702,169281434,0.0
703,138790811,0.005331556147950683
704,247056288,0.0003332222592469177
705,215967713,0.0
706,681896,0.0006664445184938354
707,3368874,0.0003332222592469177
708,165803,0.0003332222592469177
709,369641390,0.0
710,171354036,0.0
711,234612664,0.000999666777740753
712,197093307,0.0
713,177645501,0.0
714,216311742,0.0
715,8955839,0.0003332222592469177
716,33818560,0.0006664445184938354
717,78153666,0.0
718,139716548,0.0
719,10807237,0.0
720,276916166,0.0003332222592469177
721,227821511,0.0
722,134784968,0.0003332222592469177
723,286246858,0.006997667444185272
724,141797323,0.0003332222592469177
725,5285836,0.006664445184938354
726,150669261,0.001999333555481506
727,157738961,0.002332555814728424
728,86509522,0.009663445518160613
729,11732947,0.001999333555481506
730,36300760,0.0003332222592469177
731,24291295,0.0
732,136308705,0.0
733,133093,0.003332222592469177
734,2852840,0.003998667110963012
735,6842345,0.0006664445184938354
736,8587242,0.0006664445184938354
737,345442286,0.0
738,4147183,0.0
739,176523249,0.0003332222592469177
740,135161851,0.0003332222592469177
741,96503804,0.0003332222592469177
742,248612861,0.0
743,4188158,0.0
744,10249,0.0
745,8955914,0.0
746,6531086,0.0
747,81078287,0.0
748,57927073,0.0013328890369876708
749,92284947,0.0013328890369876708
750,16328726,0.0
751,147466263,0.0006664445184938354
752,335644696,0.0
753,254948066,0.0
754,72001563,0.002332555814728424
755,457730076,0.000999666777740753
756,65505313,0.0006664445184938354
757,22186020,0.0
758,64710693,0.0
759,155276979,0.0006664445184938354
760,17131572,0.0
761,2754615,0.0
762,15304761,0.0013328890369876708
763,132786235,0.0006664445184938354
764,253086730,0.006664445184938354
765,1042495,0.0
766,18901061,0.0
767,40675398,0.0
768,299083847,0.0
769,55167049,0.010663112295901367
770,98306123,0.0
771,2369614,0.0006664445184938354
772,9912,0.0003332222592469177
773,219490394,0.0
774,49260638,0.0
775,182446175,0.0
776,16787556,0.0
777,18925672,0.0
778,327067754,0.0
779,208062571,0.0
780,475981933,0.0003332222592469177
781,8169584,0.000999666777740753
782,18073713,0.004665111629456848
783,233798675,0.0003332222592469177
784,335497332,0.0013328890369876708
785,88762046,0.002332555814728424
786,3634899,0.005664778407197601
787,23144569,0.0
788,272304251,0.0013328890369876708
789,13658236,0.002332555814728424
790,200968318,0.0016661112962345886
791,184748161,0.0
792,205719685,0.016994335221592802
793,499634807,0.0
794,16640143,0.0003332222592469177
795,583827,0.0
796,7473303,0.001999333555481506
797,220588185,0.0
798,94809114,0.0
799,163195038,0.0
800,20392095,0.0003332222592469177
801,20801697,0.0
802,8104099,0.008997000999666778
803,222587044,0.0006664445184938354
804,180947109,0.0003332222592469177
805,641190,0.0003332222592469177
806,52013225,0.02332555814728424
807,199403690,0.0006664445184938354
808,365643947,0.000999666777740753
809,1427628,0.013995334888370544
810,29927598,0.0003332222592469177
811,7874736,0.0003332222592469177
812,173697208,0.0003332222592469177
813,4335804,0.0
814,356342247,0.0003332222592469177
815,8136894,0.0
816,18918432,0.0003332222592469177
817,389428939,0.0
818,205777093,0.0
819,25462984,0.0
820,301852882,0.0
821,151424035,0.003998667110963012
822,220189050,0.0003332222592469177
823,154446046,0.0
824,159869151,0.0
825,430680292,0.0
826,1330215,0.0
827,55363825,0.0
828,99715314,0.0
829,16156915,0.01166277907364212
830,5523702,0.005664778407197601
831,76507384,0.005664778407197601
832,9890042,0.0
833,220348799,0.0
834,2238717,0.0
835,8562945,0.0003332222592469177
836,6310146,0.0
837,9840901,0.002332555814728424
838,5679366,0.005331556147950683
839,237029639,0.006997667444185272
840,2672914,0.0003332222592469177
841,155724052,0.0003332222592469177
842,180463894,0.0006664445184938354
843,68126999,0.0
844,22595864,0.0
845,508847834,0.007997334221926024
846,274042851,0.0
847,294234400,0.0006664445184938354
848,133531938,0.0
849,83790116,0.006664445184938354
850,2648367,0.0
851,141920560,0.000999666777740753
852,15698228,0.0003332222592469177
853,472230201,0.0
854,329488095,0.0006664445184938354
855,96241981,0.000999666777740753
856,278284606,0.0
857,636640,0.0
858,327426443,0.0
859,140224842,0.000999666777740753
860,296700235,0.0006664445184938354
861,42699086,0.0
862,86288719,0.0
863,731473,0.0
864,226925625,0.002999000333222259
865,66718041,0.0013328890369876708
866,281659739,0.0
867,234703198,0.0
868,70527327,0.005331556147950683
869,8579427,0.0
870,2222439,0.0006664445184938354
871,323488106,0.0
872,104778094,0.0016661112962345886
873,217211940,0.0
874,137742713,0.0003332222592469177
875,159164795,0.0006664445184938354
876,163154300,0.0006664445184938354
877,230771070,0.000999666777740753
878,7858562,0.0006664445184938354
879,382707435,0.0003332222592469177
880,478906758,0.0006664445184938354
881,28109193,0.0003332222592469177
882,147999116,0.009996667777407531
883,190260973,0.011996001332889037
884,90466705,0.0
885,1952148,0.0
886,265488789,0.002332555814728424
887,14559639,0.0
888,241912217,0.010663112295901367
889,19188122,0.002332555814728424
890,1034651,0.0003332222592469177
891,131623324,0.00433188937020993
892,5876125,0.002999000333222259
893,104098207,0.0
894,19335585,0.0003332222592469177
895,9791908,0.000999666777740753
896,8038824,0.002999000333222259
897,15927726,0.001999333555481506
898,435608668,0.0
899,120089010,0.0006664445184938354
900,365875614,0.0
901,176826807,0.0
902,100723129,0.01166277907364212
903,34335165,0.0003332222592469177
904,1132277,0.002332555814728424
905,170863041,0.0
906,189163970,0.010329890036654448
907,185944517,0.006331222925691437
908,451527711,0.004665111629456848
909,463497673,0.000999666777740753
910,94120394,0.0
911,222087627,0.0
912,135588302,0.004998333888703766
913,359484493,0.0003332222592469177
914,11913686,0.003998667110963012
915,1182168,0.0
916,65882585,0.0016661112962345886
917,345010230,0.0
918,68151774,0.0
919,23554527,0.0
920,262088982,0.003332222592469177
921,90638820,0.0
922,175975505,0.0
923,3385835,0.0013328890369876708
924,250259948,0.006664445184938354
925,389114350,0.005331556147950683
926,12823023,0.0006664445184938354
927,18565618,0.0
928,102067283,0.0
929,59075060,0.0
930,506038784,0.0006664445184938354
931,5622274,0.0003332222592469177
932,10807811,0.0
933,58239494,0.0
934,392705793,0.001999333555481506
935,276711945,0.0
936,162122261,0.0003332222592469177
937,185388121,0.0
938,299010584,0.0
939,2378270,0.0016661112962345886
940,179317282,0.0003332222592469177
941,322083,0.000999666777740753
942,14576168,0.0
943,4450857,0.0006664445184938354
944,26094122,0.0
945,267504171,0.000999666777740753
946,37169709,0.004998333888703766
947,264858160,0.0006664445184938354
948,4188721,0.031322892369210265
949,15624754,0.003332222592469177
950,14879283,0.000999666777740753
951,324315701,0.004665111629456848
952,194639627,0.000999666777740753
953,2763332,0.003998667110963012
954,281579958,0.002999000333222259
955,338987590,0.0
956,240199,0.0006664445184938354
957,170423148,0.0006664445184938354
958,235588172,0.000999666777740753
959,168057954,0.0003332222592469177
960,3745549,0.0006664445184938354
961,21080656,0.002999000333222259
962,71346769,0.0
963,412242,0.0
964,10963539,0.0006664445184938354
965,169331285,0.003998667110963012
966,296430170,0.012662445851382874
967,317409884,0.0013328890369876708
968,12470877,0.0003332222592469177
969,279034042,0.0003332222592469177
970,311783867,0.0006664445184938354
971,312904292,0.0003332222592469177
972,256158311,0.0013328890369876708
973,66218606,0.004998333888703766
974,361114225,0.0
975,64588403,0.0
976,133751,0.0
977,101255805,0.0013328890369876708
978,18344578,0.0
979,192817801,0.0
980,202656398,0.006997667444185272
981,166660751,0.0003332222592469177
982,300198544,0.0
983,3320465,0.002999000333222259
984,463299,0.0016661112962345886
985,11094684,0.0003332222592469177
986,250759837,0.000999666777740753
987,44034724,0.0006664445184938354
988,9161382,0.022659113628790403
989,11012779,0.0016661112962345886
990,142584492,0.0
991,388180653,0.0
992,29305520,0.0
993,6802101,0.0
994,330640054,0.0003332222592469177
995,406530747,0.0
996,231494090,0.0
997,247171774,0.0
998,19827391,0.0
999,205785792,0.0006664445184938354
1000,173240450,0.0
1001,13829921,0.0
1002,188607178,0.0
1003,182063216,0.001999333555481506
1004,215767,0.0003332222592469177
1005,199641817,0.000999666777740753
1006,248859354,0.0026657780739753416
1007,108178140,0.0003332222592469177
1008,176941789,0.007997334221926024
1009,81062624,0.014661779406864379
1010,199158498,0.0013328890369876708
1011,73329379,0.0003332222592469177
1012,34720489,0.0003332222592469177
1013,267684587,0.0
1014,231477714,0.00433188937020993
1015,14488019,0.0016661112962345886
1016,14150389,0.0
1017,148286201,0.003998667110963012
1018,90528155,0.0
1019,3541760,0.0016661112962345886
1020,427617025,0.0003332222592469177
1021,187673346,0.0036654448517160947
1022,369896197,0.0
1023,420170503,0.0003332222592469177
1024,408775442,0.0
1025,153717523,0.000999666777740753
1026,70855444,0.0006664445184938354
1027,382539660,0.0013328890369876708
1028,2214685,0.007330889703432189
1029,141256496,0.0
1030,2796322,0.000999666777740753
1031,157479387,0.002999000333222259
1032,301157157,0.0026657780739753416
1033,214485799,0.0
1034,323570474,0.0
1035,53300012,0.0026657780739753416
1036,206359343,0.0
1037,225553201,0.0006664445184938354
1038,8792886,0.0
1039,386956426,0.0
1040,2616129,0.0
1041,54373187,0.000999666777740753
1042,50326341,0.0
1043,30559049,0.0006664445184938354
1044,20933453,0.000999666777740753
1045,193096529,0.0
1046,403589971,0.0006664445184938354
1047,243141468,0.0
1048,7342941,0.0
1049,13871967,0.0
1050,5811043,0.000999666777740753
1051,22162280,0.0
1052,160172905,0.007330889703432189
1053,28099047,0.004665111629456848
1054,7539565,0.019326891036321226
1055,201780082,0.0036654448517160947
1056,152456051,0.0003332222592469177
1057,164473716,0.0
1058,197593975,0.0003332222592469177
1059,199420792,0.0
1060,32344953,0.0003332222592469177
1061,8948604,0.0006664445184938354
1062,169704922,0.0013328890369876708
1063,279128962,0.0
1064,16575365,0.000999666777740753
1065,120064902,0.002332555814728424
1066,501771147,0.0
1067,168299404,0.003998667110963012
1068,253930381,0.0006664445184938354
1069,31673235,0.0013328890369876708
1070,10742677,0.0016661112962345886
1071,319875992,0.006331222925691437
1072,250383261,0.007664111962679107
1073,223450717,0.0003332222592469177
1074,3247007,0.0013328890369876708
1075,173695472,0.0013328890369876708
1076,14789539,0.0
1077,214895525,0.0003332222592469177
1078,168192935,0.0016661112962345886
1079,13195079,0.0003332222592469177
1080,57920429,0.0036654448517160947
1081,1878958,0.0006664445184938354
1082,232958897,0.0006664445184938354
1083,347695849,0.0
1084,14338995,0.0006664445184938354
1085,1911736,0.0
1086,315105780,0.0
1087,7449532,0.0003332222592469177
1088,13732797,0.0
1089,245756405,0.0
1090,376213359,0.0
1091,222915745,0.0003332222592469177
1092,8735691,0.0
1093,239166265,0.0
1094,345319582,0.002332555814728424
1095,134532047,0.000999666777740753
1096,2509778,0.0003332222592469177
1097,27020244,0.0026657780739753416
1098,207159801,0.003332222592469177
1099,1092568,0.0003332222592469177
1100,1084378,0.003332222592469177
1101,175442907,0.0003332222592469177
1102,75467740,0.000999666777740753
1103,214043613,0.0003332222592469177
1104,330877919,0.0
1105,20343776,0.0
1106,153258977,0.000999666777740753
1107,3083430,0.0
1108,242002920,0.000999666777740753
1109,341920745,0.0
1110,3165168,0.006997667444185272
1111,16796657,0.000999666777740753
1112,2608114,0.0026657780739753416
1113,481728846,0.0016661112962345886
1114,74984440,0.011996001332889037
1115,9718777,0.0
1116,321589759,0.0
1117,243960828,0.0
1118,120024074,0.001999333555481506
1119,108399627,0.0
1120,60582926,0.0006664445184938354
1121,253578255,0.01599466844385205
1122,327437328,0.0
1123,90168494,0.010329890036654448
1124,156044313,0.0026657780739753416
1125,6351898,0.0006664445184938354
1126,17878048,0.0003332222592469177
1127,36867107,0.0003332222592469177
1128,64195621,0.0
1129,14584871,0.0
1130,5147690,0.000999666777740753
1131,270307847,0.0
1132,335924268,0.0003332222592469177
1133,39816237,0.009996667777407531
1134,282799150,0.0
1135,306620253,0.0
1136,373148732,0.0013328890369876708
1137,267646322,0.0003332222592469177
1138,15871042,0.0006664445184938354
1139,190965830,0.0
1140,307833928,0.0006664445184938354
1141,11955273,0.020993002332555816
1142,1027146,0.0
1143,192632674,0.0026657780739753416
1144,199380046,0.000999666777740753
1145,166423631,0.0
1146,206924880,0.0006664445184938354
1147,10579025,0.0
1148,4951123,0.001999333555481506
1149,2468948,0.002332555814728424
1150,120671321,0.005998000666444518
1151,234400859,0.0006664445184938354
1152,14806110,0.0013328890369876708
1153,7498847,0.000999666777740753
1154,20401248,0.0
1155,66202727,0.0
1156,14748776,0.0006664445184938354
1157,214068329,0.0006664445184938354
1158,289909871,0.002332555814728424
1159,420673384,0.0003332222592469177
1160,7957620,0.003332222592469177
1161,801982,0.0003332222592469177
1162,67038330,0.000999666777740753
1163,3869819,0.0003332222592469177
1164,256232580,0.0
1165,2739333,0.014661779406864379
1166,63663238,0.0
1167,16641162,0.0
1168,288224025,0.0016661112962345886
1169,18828433,0.0
1170,98962579,0.0006664445184938354
1171,489360537,0.0
1172,1485978,0.003332222592469177
1173,202962799,0.0
1174,11922588,0.0
1175,7023777,0.007330889703432189
1176,335802907,0.0
1177,724133,0.0
1178,10398886,0.0003332222592469177
1179,3468455,0.0003332222592469177
1180,47492276,0.007330889703432189
1181,295043614,0.0013328890369876708
1182,450612406,0.0
1183,95620279,0.0
1184,409565044,0.008997000999666778
1185,1543354,0.003332222592469177
1186,30698683,0.0
1187,7335101,0.0003332222592469177
1188,13692094,0.010996334555148285
1189,130172789,0.0
1190,339136,0.0
1191,117206209,0.0003332222592469177
1192,215919810,0.0
1193,175951047,0.0003332222592469177
1194,7539918,0.0
1195,243275640,0.0
1196,1305823,0.0
1197,205745376,0.0
1198,183397602,0.0003332222592469177
1199,205769955,0.0
1200,169905381,0.005664778407197601
1201,150899942,0.002332555814728424
1202,138464487,0.0003332222592469177
1203,3828969,0.00433188937020993
1204,224554219,0.003332222592469177
1205,3861744,0.0016661112962345886
1206,789745,0.0006664445184938354
1207,287558898,0.0003332222592469177
1208,307739859,0.0003332222592469177
1209,23129334,0.0003332222592469177
1210,172700201,0.0016661112962345886
1211,4689146,0.0
1212,14945531,0.000999666777740753
1213,5475581,0.0003332222592469177
1214,135318782,0.002332555814728424
1215,259714303,0.009663445518160613
1216,246533376,0.002999000333222259
1217,3239170,0.015661446184605132
1218,180980996,0.014328557147617462
1219,73616645,0.0003332222592469177
1220,6892806,0.0
1221,63401227,0.0006664445184938354
1222,427093262,0.000999666777740753
1223,56651024,0.0
1224,139106102,0.000999666777740753
1225,137489686,0.0006664445184938354
1226,28052759,0.0
1227,5401880,0.01632789070309897
1228,242476933,0.006331222925691437
1229,27307298,0.0003332222592469177
1230,60493094,0.0
1231,224718120,0.0003332222592469177
1232,20368681,0.0
1233,33738027,0.01166277907364212
1234,34606385,0.0003332222592469177
1235,328109363,0.0
1236,16665912,0.0
1237,8301881,0.02199266911029657
1238,61353275,0.0
1239,192400701,0.0
1240,98069822,0.00433188937020993
1241,136490303,0.004665111629456848
1242,326829963,0.0003332222592469177
1243,142799414,0.0
1244,39587142,0.0
1245,4607305,0.0
1246,155512141,0.007664111962679107
1247,297381201,0.0026657780739753416
1248,32058708,0.000999666777740753
1249,84159829,0.014328557147617462
1250,2207062,0.001999333555481506
1251,238169431,0.0003332222592469177
1252,5066075,0.0003332222592469177
1253,3714397,0.0003332222592469177
1254,156462433,0.001999333555481506
1255,55094627,0.0036654448517160947
1256,159537914,0.000999666777740753
1257,153128763,0.0006664445184938354
1258,24268139,0.006331222925691437
1259,198956946,0.012329223592135955
1260,115584368,0.0
1261,433245556,0.0006664445184938354
1262,3050874,0.0
1263,8433021,0.000999666777740753
1264,185724287,0.0003332222592469177
1265,277722179,0.0
1266,419442053,0.0
1267,16813453,0.0
1268,32656784,0.0
1269,78352963,0.0016661112962345886
1270,299268998,0.0003332222592469177
1271,302083479,0.0006664445184938354
1272,143355288,0.006664445184938354
1273,196821159,0.0003332222592469177
1274,69024,0.0
1275,106057121,0.0006664445184938354
1276,3853730,0.0
1277,140438947,0.0003332222592469177
1278,8064241,0.0003332222592469177
1279,257585102,0.0
1280,14413225,0.0
1281,15347121,0.0013328890369876708
1282,195603895,0.0036654448517160947
1283,151612861,0.0
1284,15117760,0.0
1285,313101761,0.0
1286,167587266,0.0006664445184938354
1287,6933956,0.0
1288,320056777,0.0
1289,442682826,0.0
1290,444829132,0.0
1291,354766287,0.0
1292,4083153,0.0013328890369876708
1293,172895700,0.0
1294,50515417,0.0003332222592469177
1295,4263389,0.0003332222592469177
1296,439479776,0.0
1297,40873441,0.0006664445184938354
1298,150077149,0.009330223258913696
1299,232834455,0.0013328890369876708
1300,55193064,0.003998667110963012
1301,248116642,0.0003332222592469177
1302,260582890,0.000999666777740753
1303,37350891,0.0003332222592469177
1304,32484847,0.0003332222592469177
1305,339441,0.0
1306,49901042,0.001999333555481506
1307,71781876,0.0
1308,249834998,0.0
1309,34622973,0.0013328890369876708
1310,17542659,0.006997667444185272
1311,21057032,0.0
1312,50425354,0.013995334888370544
1313,6385163,0.0003332222592469177
1314,25513484,0.0
1315,2682383,0.0
1316,274059501,0.0
1317,77073937,0.0
1318,158289426,0.0003332222592469177
1319,152145428,0.0016661112962345886
1320,40971803,0.0
1321,384918106,0.004665111629456848
1322,6868511,0.002999000333222259
1323,51416611,0.0
1324,341634600,0.0003332222592469177
1325,176737837,0.0016661112962345886
1326,20262447,0.0
1327,303574583,0.0003332222592469177
1328,69021240,0.0013328890369876708
1329,15904320,0.0
1330,174345793,0.0006664445184938354
1331,3173954,0.0
1332,198270219,0.0
1333,17116741,0.0003332222592469177
1334,408399436,0.0
1335,28896847,0.0016661112962345886
1336,306712145,0.0
1337,121351764,0.0003332222592469177
1338,59657813,0.0003332222592469177
1339,1797725,0.0
1340,21769488,0.0
1341,14661563,0.0
1342,182334054,0.00866377874041986
1343,322260583,0.0026657780739753416
1344,527904361,0.0
1345,6598251,0.0013328890369876708
1346,45461100,0.01299566811062979
1347,185634417,0.006997667444185272
1348,230436470,0.0
1349,82882168,0.0
1350,38522489,0.0006664445184938354
1351,73295807,0.0
1352,68300412,0.0006664445184938354
1353,4198014,0.000999666777740753
1354,98076350,0.004998333888703766
1355,2877376,0.0
1356,82088567,0.0
1357,209088140,0.003332222592469177
1358,1202114,0.0
1359,98815634,0.0
1360,302362261,0.0
1361,306327192,0.0
1362,9744028,0.009330223258913696
1363,414690974,0.0003332222592469177
1364,269446820,0.0
1365,23531175,0.0003332222592469177
1366,40849064,0.005998000666444518
1367,176435312,0.0026657780739753416
1368,14298795,0.0003332222592469177
1369,223522476,0.0013328890369876708
1370,49598125,0.001999333555481506
1371,22028950,0.0003332222592469177
1372,402472221,0.0
1373,240643760,0.0
1374,207253171,0.0016661112962345886
1375,12127926,0.003332222592469177
1376,192319163,0.014995001666111297
1377,35063045,0.0
1378,9416391,0.000999666777740753
1379,211888076,0.0003332222592469177
1380,7217783,0.0006664445184938354
1381,317331975,0.0
1382,147508949,0.000999666777740753
1383,7483094,0.0013328890369876708
1384,218742052,0.0006664445184938354
1385,30142170,0.0006664445184938354
1386,211332827,0.009330223258913696
1387,338620615,0.0006664445184938354
1388,177434337,0.0
1389,5631716,0.0013328890369876708
1390,136195366,0.0003332222592469177
1391,104861415,0.005664778407197601
1392,59305706,0.01732755748083972
1393,58601195,0.0
1394,282348,0.0
1395,2682607,0.0
1396,9522929,0.0003332222592469177
1397,16551666,0.0
1398,11235063,0.000999666777740753
1399,8228604,0.0
1400,76951293,0.0013328890369876708
1401,29904645,0.000999666777740753
1402,12365574,0.0003332222592469177
1403,50777865,0.0
1404,5451530,0.0
1405,3084045,0.0
1406,405264,0.0003332222592469177
1407,16406488,0.0003332222592469177
1408,2912019,0.0013328890369876708
1409,23846190,0.0
1410,2084630,0.009330223258913696
1411,4632344,0.0
1412,499775476,0.0
1413,6049568,0.0
1414,10579748,0.0
1415,87821617,0.0
1416,78688043,0.0003332222592469177
1417,23621420,0.002999000333222259
1418,294785316,0.0
1419,8959965,0.0
1420,28888883,0.0003332222592469177
1421,248049460,0.0
1422,128577339,0.0
1423,334283402,0.0
1424,2387776,0.0
1425,451014470,0.0
1426,16838471,0.0003332222592469177
1427,133082956,0.001999333555481506
1428,57634638,0.0
1429,7728976,0.0006664445184938354
1430,3362642,0.001999333555481506
1431,139112276,0.0
1432,9138009,0.0003332222592469177
1433,21442399,0.0006664445184938354
1434,10522471,0.0
1435,6344554,0.0003332222592469177
1436,10131431,0.000999666777740753
1437,279211884,0.0
1438,176967535,0.0006664445184938354
1439,209235826,0.0
1440,289073129,0.0016661112962345886
1441,174706552,0.000999666777740753
1442,239349627,0.0016661112962345886
1443,5263231,0.0006664445184938354
1444,54731414,0.0
1445,44781447,0.010663112295901367
1446,193736585,0.0026657780739753416
1447,255971991,0.0
1448,320237452,0.0006664445184938354
1449,55938959,0.0
1450,216543121,0.0
1451,28020626,0.000999666777740753
1452,5902227,0.0
1453,30748568,0.012662445851382874
1454,3993,0.0006664445184938354
1455,2060187,0.0
1456,524454049,0.0013328890369876708
1457,82677665,0.008330556481172943
1458,82242886,0.0
1459,407777192,0.0
1460,135270319,0.0
1461,651188,0.007997334221926024
1462,282903198,0.000999666777740753
1463,138497975,0.007664111962679107
1464,311252980,0.0
1465,71675834,0.0
1466,7794620,0.0006664445184938354
1467,19386303,0.0006664445184938354
1468,11087808,0.000999666777740753
1469,322858957,0.0
1470,76763086,0.0003332222592469177
1471,3551184,0.0
1472,96399318,0.0003332222592469177
1473,287954937,0.0
1474,360463695,0.00866377874041986
1475,8343516,0.0
1476,31895517,0.00433188937020993
1477,249823,0.000999666777740753
1478,194154466,0.04765078307230923
1479,18419683,0.0003332222592469177
1480,399585252,0.0006664445184938354
1481,107958245,0.0
1482,227265617,0.0
1483,30019559,0.0003332222592469177
1484,108015592,0.001999333555481506
1485,152631292,0.0
1486,408019623,0.0036654448517160947
1487,66007022,0.0
1488,2181032,0.0016661112962345886
1489,402140500,0.0003332222592469177
1490,12701694,0.0
1491,13889536,0.0
1492,90558473,0.0006664445184938354
1493,284479500,0.013995334888370544
1494,313029293,0.009996667777407531
1495,225296,0.013662112629123625
1496,2155937,0.0
1497,21499925,0.007664111962679107
1498,207745047,0.0006664445184938354
1499,99848216,0.0003332222592469177
1500,6090778,0.006997667444185272
1501,93392924,0.0
1502,138612765,0.0003332222592469177
1503,262647839,0.0003332222592469177
1504,503131,0.0
1505,403722278,0.0
1506,405543,0.0003332222592469177
1507,138833961,0.0003332222592469177
1508,332197930,0.004665111629456848
1509,132616235,0.006664445184938354
1510,215289900,0.004665111629456848
1511,4649650,0.0016661112962345886
1512,107360302,0.0006664445184938354
1513,7196721,0.0
1514,463425588,0.0
1515,26628150,0.0
1516,151808009,0.0003332222592469177
1517,11702328,0.0
1518,230191164,0.000999666777740753
1519,6680638,0.0
1520,9351234,0.0016661112962345886
1521,15618120,0.000999666777740753
1522,15151177,0.0
1523,140775498,0.018327224258580473
1524,3059787,0.0
1525,192126107,0.0
1526,450719512,0.0
1527,17854543,0.0006664445184938354
1528,14004308,0.0016661112962345886
1529,20385877,0.0
1530,165548118,0.0
1531,423047255,0.0013328890369876708
1532,320028044,0.0006664445184938354
1533,201855074,0.0
1534,351490148,0.0
1535,453824618,0.0016661112962345886
1536,25145456,0.0
1537,1511537,0.0
1538,526381170,0.0
1539,197283955,0.0
1540,3166327,0.000999666777740753
1541,36769914,0.0003332222592469177
1542,472633467,0.0
1543,46387324,0.000999666777740753
1544,18731138,0.0
1545,14758021,0.0
1546,262345727,0.0
1547,341480754,0.001999333555481506
1548,227340432,0.009330223258913696
1549,230105795,0.0003332222592469177
1550,23924884,0.0003332222592469177
1551,37539989,0.0
1552,224262170,0.0
1553,9629855,0.0006664445184938354
1554,206237040,0.0
1555,473780386,0.0003332222592469177
1556,12914851,0.0003332222592469177
1557,487591,0.0
1558,38645929,0.0006664445184938354
1559,31938589,0.0003332222592469177
1560,4903097,0.0
1561,118970,0.0003332222592469177
1562,373690559,0.0
1563,291008,0.0
1564,433971915,0.000999666777740753
1565,60461252,0.0
1566,27226309,0.0003332222592469177
1567,66719943,0.009663445518160613
1568,217518280,0.0
1569,53451,0.003998667110963012
1570,183636174,0.002332555814728424
1571,143634639,0.0
1572,148877520,0.007330889703432189
1573,383217876,0.000999666777740753
1574,210604252,0.0
1575,276548986,0.0006664445184938354
1576,178497573,0.0003332222592469177
1577,151048416,0.0
1578,116846824,0.0013328890369876708
1579,34861290,0.0
1580,205779181,0.0
1581,33386735,0.007997334221926024
1582,4870385,0.000999666777740753
1583,921842,0.0
1584,116732149,0.00866377874041986
1585,360558838,0.0003332222592469177
1586,354586877,0.0006664445184938354
1587,347230464,0.0
1588,2298114,0.0
1589,266744067,0.0006664445184938354
1590,122401030,0.003332222592469177
1591,211546375,0.0003332222592469177
1592,166031626,0.0
1593,20640011,0.000999666777740753
1594,337940749,0.0016661112962345886
1595,37327118,0.0006664445184938354
1596,8933650,0.0
1597,117125395,0.000999666777740753
1598,2314516,0.0006664445184938354
1599,32354582,0.0
1600,26464536,0.0
1601,360724527,0.0003332222592469177
1602,86298909,0.0003332222592469177
1603,452444891,0.0
1604,17240356,0.0016661112962345886
1605,19960102,0.0
1606,189600039,0.0026657780739753416
1607,4075817,0.0
1608,49819948,0.000999666777740753
1609,155570484,0.0
1610,43200823,0.0003332222592469177
1611,227379252,0.0003332222592469177
1612,823610,0.0
1613,49008956,0.0
1614,17396032,0.0
1615,15642949,0.005998000666444518
1616,408842566,0.0003332222592469177
1617,18075975,0.002999000333222259
1618,2273609,0.002332555814728424
1619,267359749,0.0003332222592469177
1620,160526669,0.0016661112962345886
1621,291630477,0.0
1622,224287013,0.004998333888703766
1623,9556315,0.0006664445184938354
1624,5657317,0.0
1625,35107170,0.000999666777740753
1626,201019750,0.001999333555481506
1627,152695153,0.000999666777740753
1628,2765170,0.008997000999666778
1629,2527608,0.0003332222592469177
1630,6885754,0.0026657780739753416
1631,136769920,0.011329556814395202
1632,63738242,0.000999666777740753
1633,202519275,0.003332222592469177
1634,6132100,0.0
1635,413331853,0.0
1636,17592718,0.0003332222592469177
1637,30241169,0.0
1638,36434324,0.0006664445184938354
1639,1954198,0.0006664445184938354
1640,125776279,0.0
1641,177951128,0.00433188937020993
1642,23327130,0.0006664445184938354
1643,86811375,0.0
1644,287199646,0.001999333555481506
1645,101921519,0.0
1646,12251553,0.0
1647,53020742,0.0
1648,6754727,0.0006664445184938354
1649,337315911,0.0003332222592469177
1650,156193199,0.0003332222592469177
1651,11309494,0.003332222592469177
1652,410708041,0.0003332222592469177
1653,95847156,0.0003332222592469177
1654,11170235,0.0003332222592469177
1655,93712831,0.0
1656,42193347,0.005331556147950683
1657,168096502,0.0
1658,5272010,0.011329556814395202
1659,36245970,0.0
1660,11547091,0.002332555814728424
1661,2437588,0.0006664445184938354
1662,167637464,0.0003332222592469177
1663,3256795,0.0003332222592469177
1664,255742429,0.0
1665,64885220,0.0
1666,437144999,0.0003332222592469177
1667,321188332,0.0
1668,62280179,0.010663112295901367
1669,1094133,0.0
1670,11719160,0.001999333555481506
1671,384315900,0.0006664445184938354
1672,14430718,0.0003332222592469177
1673,8925695,0.01166277907364212
1674,17027591,0.0006664445184938354
1675,370913800,0.0036654448517160947
1676,442585609,0.00433188937020993
1677,295391755,0.0003332222592469177
1678,3256846,0.002999000333222259
1679,4739599,0.0016661112962345886
1680,76681750,0.0
1681,3158555,0.0
1682,5231135,0.001999333555481506
1683,172618273,0.0
1684,35246629,0.0
1685,137835049,0.0013328890369876708
1686,226095659,0.0
1687,282338056,0.0
1688,297669173,0.000999666777740753
1689,83923510,0.0
1690,331452986,0.0013328890369876708
1691,116228874,0.0003332222592469177
1692,21066306,0.0013328890369876708
1693,7868995,0.0006664445184938354
1694,1806917,0.0
1695,65352264,0.0
1696,239529121,0.0
1697,30667339,0.0
1698,61870670,0.003998667110963012
1699,3764819,0.008330556481172943
1700,8925782,0.000999666777740753
1701,3576410,0.0003332222592469177
1702,229880411,0.0003332222592469177
1703,429923979,0.0
1704,321352285,0.0
1705,61911650,0.0
1706,12710499,0.0
1707,200176228,0.0
1708,11407974,0.0
1709,8802921,0.0
1710,24949356,0.0016661112962345886
1711,243995245,0.0
1712,16167538,0.003998667110963012
1713,220779123,0.000999666777740753
1714,285215557,0.000999666777740753
1715,8016503,0.0013328890369876708
1716,145834772,0.0
1717,365179,0.0
1718,123785852,0.0
1719,279571687,0.0
1720,212554368,0.012329223592135955
1721,154636931,0.0
1722,88568004,0.0
1723,4742,0.0
1724,133034635,0.0
1725,72462988,0.001999333555481506
1726,33837711,0.0
1727,131986064,0.016994335221592802
1728,97792658,0.0003332222592469177
1729,112726677,0.006331222925691437
1730,59298455,0.00433188937020993
1731,65884828,0.0
1732,319672989,0.0
1733,7074462,0.0006664445184938354
1734,42611364,0.0006664445184938354
1735,4862630,0.009330223258913696
1736,69063335,0.0006664445184938354
1737,1307306,0.0
1738,10007211,0.000999666777740753
1739,124826284,0.0003332222592469177
1740,296874669,0.0003332222592469177
1741,104575773,0.0
1742,14774962,0.0
1743,269824693,0.005331556147950683
1744,417133239,0.002332555814728424
1745,147280624,0.0013328890369876708
1746,329339582,0.0016661112962345886
1747,9958082,0.003332222592469177
1748,5755587,0.0
1749,635591,0.0
1750,224252620,0.012662445851382874
1751,296374993,0.0003332222592469177
1752,48870101,0.0013328890369876708
1753,6845142,0.0013328890369876708
1754,63181528,0.019326891036321226
1755,4952794,0.0016661112962345886
1756,291548,0.0003332222592469177
1757,221216208,0.0026657780739753416
1758,203704598,0.0006664445184938354
1759,378312827,0.0013328890369876708
1760,7361253,0.0003332222592469177
1761,24982311,0.0
1762,200990162,0.00433188937020993
1763,50705135,0.003998667110963012
1764,3511024,0.0
1765,24892145,0.0003332222592469177
1766,20763381,0.0006664445184938354
1767,7623414,0.0003332222592469177
1768,337425143,0.0
1769,3838713,0.0003332222592469177
1770,3314427,0.0
1771,11154173,0.0003332222592469177
1772,147739390,0.0
1773,248509189,0.0
1774,62083848,0.0
1775,374051593,0.0006664445184938354
1776,326893015,0.0003332222592469177
1777,8188687,0.001999333555481506
1778,57578261,0.001999333555481506
1779,227433951,0.0003332222592469177
1780,4821783,0.0003332222592469177
1781,117265177,0.0
1782,4567835,0.0
1783,42816285,0.0
1784,29897506,0.0
1785,218821411,0.0006664445184938354
1786,3552037,0.002332555814728424
1787,267154214,0.001999333555481506
1788,55489319,0.002999000333222259
1789,234746664,0.001999333555481506
1790,167768873,0.000999666777740753
1791,244276701,0.0
1792,301863730,0.0003332222592469177
1793,258870,0.004998333888703766
1794,94286651,0.0
1795,447294,0.0003332222592469177
1796,219493183,0.005331556147950683
1797,240549344,0.0003332222592469177
1798,197137220,0.000999666777740753
1799,7631670,0.0006664445184938354
1800,222219746,0.000999666777740753
1801,11039566,0.0003332222592469177
1802,268096342,0.0006664445184938354
1803,13292375,0.000999666777740753
1804,189700239,0.0003332222592469177
1805,294335329,0.002332555814728424
1806,100365115,0.0
1807,14177126,0.0003332222592469177
1808,339112807,0.0003332222592469177
1809,6673260,0.0
1810,58872685,0.0006664445184938354
1811,271225711,0.0
1812,352931304,0.0003332222592469177
1813,15340402,0.0026657780739753416
1814,28529470,0.0
1815,493491065,0.0003332222592469177
1816,80667455,0.0003332222592469177
1817,416469885,0.0
1818,98923390,0.0026657780739753416
1819,2364287,0.0
1820,4166529,0.0
1821,7639938,0.0
1822,121196011,0.0016661112962345886
1823,10246294,0.0
1824,135082889,0.0
1825,8901518,0.0
1826,168883092,0.002332555814728424
1827,418976661,0.0
1828,3011478,0.0006664445184938354
1829,38220695,0.03032322559146951
1830,234296132,0.0
1831,235326959,0.0
1832,393515936,0.0
1833,152763888,0.000999666777740753
1834,374993826,0.0
1835,115856291,0.0003332222592469177
1836,17068970,0.0
1837,30264818,0.0
1838,255817885,0.002332555814728424
1839,204862388,0.0
1840,267189,0.0
1841,209359798,0.0
1842,245584823,0.0
1843,357922976,0.0
1844,396525046,0.0003332222592469177
1845,27235271,0.00866377874041986
1846,296973256,0.0
1847,211656183,0.0013328890369876708
1848,197350350,0.009663445518160613
1849,222313976,0.001999333555481506
1850,185013207,0.005664778407197601
1851,88036313,0.0
1852,291525594,0.0
1853,82654175,0.0
1854,238179298,0.007997334221926024
1855,354382819,0.0
1856,316142565,0.0006664445184938354
1857,5354471,0.004665111629456848
1858,52106216,0.0
1859,177361901,0.0016661112962345886
1860,117068782,0.004998333888703766
1861,14291952,0.001999333555481506
1862,265753586,0.000999666777740753
1863,37934079,0.0
1864,374526976,0.0
1865,1307652,0.0
1866,42497034,0.0006664445184938354
1867,177542156,0.001999333555481506
1868,55139842,0.0
1869,303883096,0.0003332222592469177
1870,424965139,0.000999666777740753
1871,21528,0.0006664445184938354
1872,19665949,0.0003332222592469177
1873,54604830,0.0003332222592469177
1874,12686367,0.0
1875,3060770,0.020659780073308896
1876,1405988,0.0003332222592469177
1877,5592103,0.0
1878,23041067,0.004665111629456848
1879,418599983,0.027990669776741087
1880,15627312,0.0
1881,19149873,0.0
1882,75166772,0.0
1883,117543990,0.0006664445184938354
1884,6804536,0.0036654448517160947
1885,248910906,0.000999666777740753
1886,74355771,0.0
1887,3503169,0.0003332222592469177
1888,2831427,0.0003332222592469177
1889,155276358,0.0
1890,17364040,0.0
1891,36459593,0.0
1892,175141973,0.0
1893,61584470,0.0
1894,4764761,0.00433188937020993
1895,118543451,0.007330889703432189
1896,236057693,0.0
1897,1365086,0.0013328890369876708
1898,42964065,0.000999666777740753
1899,131613542,0.001999333555481506
1900,24532070,0.0003332222592469177
1901,10703975,0.0006664445184938354
1902,190224572,0.0003332222592469177
1903,30848110,0.000999666777740753
1904,519402613,0.0
1905,7009401,0.0
1906,219722874,0.0
1907,6395004,0.0006664445184938354
1908,10073214,0.0006664445184938354
1909,46650498,0.008330556481172943
1910,12460907,0.0003332222592469177
1911,71824517,0.0
1912,172577927,0.000999666777740753
1913,10752876,0.0
1914,185741065,0.0006664445184938354
1915,29848722,0.000999666777740753
1916,133618600,0.0006664445184938354
1917,35787924,0.003332222592469177
1918,134259566,0.0006664445184938354
1919,188372118,0.0
1920,151532696,0.006997667444185272
1921,142013593,0.0
1922,166089882,0.0
1923,20681883,0.0
1924,201260570,0.0016661112962345886
1925,190645104,0.000999666777740753
1926,557716644,0.0
1927,453984483,0.0003332222592469177
1928,170841257,0.004998333888703766
1929,22238378,0.002332555814728424
1930,2331819,0.0003332222592469177
1931,3232940,0.005664778407197601
1932,1750190,0.0
1933,190297268,0.0
1934,343856310,0.002332555814728424
1935,133797047,0.0
1936,145019765,0.0
1937,379630787,0.0
1938,178541765,0.004665111629456848
1939,347944134,0.0003332222592469177
1940,453549602,0.000999666777740753
1941,122705119,0.0
1942,18281679,0.00866377874041986
1943,52450512,0.0
1944,96253139,0.002332555814728424
1945,221762772,0.0003332222592469177
1946,5010654,0.0
1947,2954463,0.0
1948,105829243,0.0006664445184938354
1949,5051622,0.001999333555481506
1950,149460199,0.0
1951,6730985,0.0003332222592469177
1952,175215853,0.0003332222592469177
1953,6567151,0.0003332222592469177
1954,205526256,0.0003332222592469177
1955,450237681,0.0026657780739753416
1956,4912370,0.0
1957,156136696,0.007664111962679107
1958,295040250,0.0003332222592469177
1959,119108479,0.0
1960,107640060,0.001999333555481506
1961,292599039,0.000999666777740753
1962,318076160,0.0016661112962345886
1963,24089857,0.0003332222592469177
1964,6059266,0.005664778407197601
1965,13653258,0.0
1966,121206028,0.0013328890369876708
1967,339037741,0.010663112295901367
1968,292648208,0.0016661112962345886
1969,210031891,0.005331556147950683
1970,106763544,0.0006664445184938354
1971,173806874,0.0
1972,4560155,0.0
1973,246478112,0.0
1974,87741732,0.0013328890369876708
1975,102012197,0.0
1976,1348902,0.0003332222592469177
1977,205026599,0.0006664445184938354
1978,55416107,0.0003332222592469177
1979,234886447,0.006331222925691437
1980,169145648,0.0003332222592469177
1981,7918898,0.0013328890369876708
1982,227988787,0.0
1983,315938103,0.003332222592469177
1984,242119997,0.005664778407197601
1985,5846336,0.0003332222592469177
1986,282670402,0.0016661112962345886
1987,321174318,0.0003332222592469177
1988,116487492,0.0
1989,214766920,0.0013328890369876708
1990,238474570,0.0
1991,130037070,0.0006664445184938354
1992,340038991,0.0
1993,4560208,0.0006664445184938354
1994,23795025,0.001999333555481506
1995,234091862,0.0
1996,290002264,0.0
1997,10425689,0.0006664445184938354
1998,28489052,0.0
1999,371504479,0.0
2000,16364896,0.0016661112962345886
2001,202773858,0.001999333555481506
2002,11744611,0.0
2003,84325737,0.018660446517827393
2004,19387754,0.002999000333222259
2005,269473132,0.0003332222592469177
2006,424695149,0.0006664445184938354
2007,1949245,0.0016661112962345886
2008,118166898,0.0
2009,203953527,0.0036654448517160947
2010,281597305,0.0
2011,315848063,0.0
2012,232789379,0.0
2013,1217925,0.0
2014,313457030,0.0
2015,289920393,0.006664445184938354
2016,123663255,0.001999333555481506
2017,166227522,0.006997667444185272
2018,9311632,0.001999333555481506
2019,412259731,0.0
2020,256604690,0.0
2021,4126104,0.0003332222592469177
2022,460805531,0.0
2023,3665477,0.000999666777740753
2024,217585056,0.0003332222592469177
2025,8123809,0.0003332222592469177
2026,9123234,0.0
2027,344765339,0.000999666777740753
2028,354309540,0.0
2029,295277989,0.0003332222592469177
2030,19805606,0.0
2031,5428651,0.000999666777740753
2032,61535662,0.0
2033,339867055,0.0
2034,1971635,0.0
2035,17921463,0.0003332222592469177
2036,351907906,0.0003332222592469177
2037,395400635,0.0
2038,212891069,0.0
2039,59602373,0.0013328890369876708
2040,488961478,0.0016661112962345886
2041,291705761,0.0
2042,213185992,0.011329556814395202
2043,6149578,0.0
2044,14489035,0.0006664445184938354
2045,451175924,0.0
2046,167564750,0.0006664445184938354
2047,31126992,0.0003332222592469177
2048,155448786,0.002332555814728424
2049,27391445,0.0003332222592469177
2050,16192989,0.009330223258913696
2051,461829598,0.0
2052,156915173,0.0006664445184938354
2053,96450024,0.0
2054,31561193,0.0006664445184938354
2055,168654314,0.0
2056,285584656,0.0
2057,9614833,0.0
2058,386610676,0.0
2059,243709432,0.0
2060,103806459,0.0
2061,56653308,0.0013328890369876708
2062,6174205,0.0013328890369876708
2063,8146517,0.0
2064,12809729,0.0003332222592469177
2065,30119426,0.000999666777740753
2066,38262276,0.0006664445184938354
2067,6747653,0.0003332222592469177
2068,379713030,0.0
2069,186201319,0.010329890036654448
2070,397129227,0.0
2071,267823247,0.0013328890369876708
2072,25638418,0.0
2073,12490262,0.0
2074,29513241,0.008997000999666778
2075,5305882,0.0003332222592469177
2076,286201372,0.0006664445184938354
2077,294119685,0.0
2078,36025888,0.0
2079,9213476,0.0
2080,23746094,0.0003332222592469177
2081,136787503,0.0
2082,234731057,0.0
2083,2733618,0.006664445184938354
2084,131883955,0.0006664445184938354
2085,8918583,0.0
2086,209196600,0.0
2087,497505204,0.0
2088,2651706,0.002332555814728424
2089,2741173,0.0016661112962345886
2090,19674689,0.0006664445184938354
2091,442996293,0.0026657780739753416
2092,8656454,0.0
2093,54498897,0.002999000333222259
2094,511071827,0.0
2095,13842006,0.0016661112962345886
2096,2045527,0.0003332222592469177
2097,38499932,0.000999666777740753
2098,42743389,0.010663112295901367
2099,4085342,0.0
2100,350656096,0.002332555814728424
2101,19404385,0.0
2102,12105314,0.0003332222592469177
2103,123614819,0.0003332222592469177
2104,355689227,0.006664445184938354
2105,99238844,0.0006664445184938354
2106,9213546,0.020659780073308896
2107,44034322,0.004665111629456848
2108,18380400,0.0
2109,36591221,0.0003332222592469177
2110,88544886,0.0003332222592469177
2111,424654457,0.0
2112,38188667,0.000999666777740753
2113,66950783,0.0
2114,336926320,0.0006664445184938354
2115,5584517,0.0
2116,4339336,0.008330556481172943
2117,53106313,0.0
2118,471643786,0.0006664445184938354
2119,376105239,0.0003332222592469177
2120,549295760,0.0
2121,253048467,0.00866377874041986
2122,126424728,0.009996667777407531
2123,218764953,0.0
2124,46102175,0.0003332222592469177
2125,3659432,0.0036654448517160947
2126,7829161,0.0
2127,174642119,0.0
2128,299857583,0.0
2129,144414387,0.003332222592469177
2130,63870644,0.0003332222592469177
2131,199120567,0.007997334221926024
2132,251090620,0.005331556147950683
2133,58455742,0.0
2134,293304608,0.0003332222592469177
2135,273716937,0.0003332222592469177
2136,155367115,0.0
2137,258250446,0.0003332222592469177
2138,13022931,0.0
2139,497369,0.0
2140,63194,0.00866377874041986
2141,350779099,0.0
2142,166082271,0.003998667110963012
2143,939744,0.0003332222592469177
2144,177758320,0.000999666777740753
2145,1382121,0.0
2146,19150571,0.0016661112962345886
2147,4265710,0.0013328890369876708
2148,168343282,0.0003332222592469177
2149,73619187,0.0003332222592469177
2150,342857462,0.0016661112962345886
2151,443479800,0.0
2152,3938043,0.0003332222592469177
2153,91643520,0.001999333555481506
2154,351246083,0.0
2155,8935179,0.0013328890369876708
2156,12523283,0.007997334221926024
2157,7075604,0.009330223258913696
2158,291027228,0.0
2159,105305160,0.0
2160,13653787,0.0006664445184938354
2161,28137244,0.0
2162,364279581,0.0003332222592469177
2163,54286110,0.005998000666444518
2164,81525617,0.0003332222592469177
2165,265657363,0.013662112629123625
2166,338306011,0.004998333888703766
2167,31577893,0.000999666777740753
2168,22599462,0.0003332222592469177
2169,377403177,0.0
2170,6035243,0.0003332222592469177
2171,389248723,0.0
2172,7313206,0.0003332222592469177
2173,15595322,0.0003332222592469177
2174,162731835,0.0
2175,88356671,0.0013328890369876708
2176,210026123,0.0003332222592469177
2177,298112837,0.0
2178,40343367,0.000999666777740753
2179,1800009,0.0003332222592469177
2180,57677642,0.007330889703432189
2181,359956099,0.0
2182,24794965,0.0
2183,349763897,0.0
2184,372941796,0.0013328890369876708
2185,396203867,0.0003332222592469177
2186,3766113,0.0003332222592469177
2187,98383714,0.0026657780739753416
2188,192845667,0.003332222592469177
2189,194467684,0.0
2190,14956389,0.0006664445184938354
2191,9402216,0.0
2192,197588847,0.00433188937020993
2193,165427057,0.0
2194,32274291,0.0003332222592469177
2195,20412276,0.0
2196,178329464,0.0013328890369876708
2197,207353725,0.0003332222592469177
2198,3979136,0.003332222592469177
2199,226834310,0.0003332222592469177
2200,375166856,0.0003332222592469177
2201,18691978,0.0006664445184938354
2202,140202777,0.001999333555481506
2203,32274754,0.0013328890369876708
2204,33134479,0.0026657780739753416
2205,11687825,0.0003332222592469177
2206,11876242,0.0
2207,171448212,0.009330223258913696
2208,199219094,0.0016661112962345886
2209,164968355,0.0006664445184938354
2210,268564388,0.0
2211,172873644,0.0
2212,14858163,0.0
2213,295819188,0.000999666777740753
2214,379312054,0.002999000333222259
2215,24483769,0.007997334221926024
2216,361895866,0.0003332222592469177
2217,5201567,0.0
2218,434010442,0.0013328890369876708
2219,19568576,0.0013328890369876708
2220,6821826,0.0006664445184938354
2221,28366792,0.0
2222,677834,0.000999666777740753
2223,362428363,0.0003332222592469177
2224,112172706,0.0
2225,193956174,0.005998000666444518
2226,17709016,0.0
2227,279427034,0.0
2228,413833179,0.000999666777740753
2229,65132509,0.0
2230,48543713,0.0
2231,22042595,0.0
2232,28985681,0.0006664445184938354
2233,278384295,0.000999666777740753
2234,1308660,0.0
2235,203785214,0.003332222592469177
2236,34535416,0.0
2237,255522809,0.0
2238,134010875,0.002332555814728424
2239,33478652,0.0003332222592469177
2240,383145982,0.0006664445184938354
2241,5191680,0.0
2242,286076587,0.0006664445184938354
2243,29825028,0.0
2244,235525,0.0
2245,10372097,0.005664778407197601
2246,327890952,0.0
2247,178526220,0.0
2248,214726673,0.009330223258913696
2249,3979283,0.0026657780739753416
2250,138078553,0.0
2251,13490202,0.00433188937020993
2252,12113949,0.0
2253,104479,0.0003332222592469177
2254,35526688,0.0
2255,145618977,0.0
2256,180320291,0.0
2257,155129892,0.0006664445184938354
2258,12662826,0.0
2259,105576491,0.0006664445184938354
2260,341049010,0.0003332222592469177
2261,352926045,0.0
2262,24729648,0.0
2263,1620017,0.0
2264,201381940,0.0003332222592469177
2265,5060661,0.0036654448517160947
2266,249845814,0.0006664445184938354
2267,141006903,0.0016661112962345886
2268,1169465,0.004998333888703766
2269,198367294,0.0003332222592469177
2270,301013058,0.0
2271,301439043,0.0013328890369876708
2272,3496009,0.0
2273,66304074,0.011996001332889037
2274,149977163,0.0
2275,402421836,0.0006664445184938354
2276,5855312,0.0
2277,45996116,0.000999666777740753
2278,5022679,0.027990669776741087
2279,346617861,0.0016661112962345886
2280,70326370,0.0
2281,44931171,0.00433188937020993
2282,2914407,0.0
2283,191510635,0.006331222925691437
2284,2332780,0.0
2285,451311727,0.0
2286,75339890,0.0016661112962345886
2287,27801715,0.004665111629456848
2288,86007486,0.0006664445184938354
2289,331626614,0.0
2290,226255892,0.004998333888703766
2291,1964154,0.0006664445184938354
2292,290823871,0.0
2293,345954430,0.0
2294,137672836,0.0003332222592469177
2295,132651142,0.0003332222592469177
2296,330766471,0.0003332222592469177
2297,9246859,0.0026657780739753416
2298,126048396,0.0026657780739753416
2299,9058447,0.0
2300,289257617,0.0
2301,73922707,0.0003332222592469177
2302,6150294,0.0036654448517160947
2303,58554519,0.0003332222592469177
2304,337246360,0.002332555814728424
2305,30827546,0.0013328890369876708
2306,14760095,0.0003332222592469177
2307,36542624,0.0
2308,198759276,0.0
2309,180091044,0.0016661112962345886
2310,16971944,0.0
2311,201693354,0.0
2312,10164398,0.0003332222592469177
2313,189700271,0.0003332222592469177
2314,2422960,0.0
2315,2889906,0.0
2316,158357684,0.00433188937020993
2317,74586295,0.0
2318,27498682,0.0
2319,9509051,0.0003332222592469177
2320,60889276,0.002332555814728424
2321,194642813,0.0003332222592469177
2322,2537676,0.009996667777407531
2323,417741542,0.0
2324,362862802,0.0
2325,93157589,0.0003332222592469177
2326,473305,0.01766077974008664
2327,194345178,0.00433188937020993
2328,110827743,0.000999666777740753
2329,348633315,0.0003332222592469177
2330,28047588,0.0006664445184938354
2331,2037992,0.0
2332,9722090,0.0013328890369876708
2333,225728748,0.006997667444185272
2334,317110509,0.0003332222592469177
2335,54786288,0.0003332222592469177
2336,142891250,0.004665111629456848
2337,27613431,0.0
2338,183130369,0.00433188937020993
2339,226695432,0.000999666777740753
2340,176511244,0.0003332222592469177
2341,12507405,0.0
2342,155572496,0.0013328890369876708
2343,333003026,0.0013328890369876708
2344,63936791,0.0006664445184938354
2345,230373660,0.0013328890369876708
2346,57858334,0.0013328890369876708
2347,13957408,0.009663445518160613
2348,196712737,0.0
2349,2005285,0.0006664445184938354
2350,336697642,0.0003332222592469177
2351,31996207,0.0016661112962345886
2352,410089777,0.0
2353,169269555,0.0
2354,330434953,0.0006664445184938354
2355,308182266,0.0
2356,23755067,0.0
2357,20388162,0.0
2358,322550086,0.0003332222592469177
2359,302242122,0.0
2360,136067403,0.0026657780739753416
2361,15898958,0.008330556481172943
2362,138197329,0.000999666777740753
2363,497965395,0.0006664445184938354
2364,178198868,0.0003332222592469177
2365,239109369,0.0
2366,103930204,0.0006664445184938354
2367,334443578,0.0016661112962345886
2368,162691423,0.001999333555481506
2369,348438327,0.0
2370,237115750,0.0
2371,155777385,0.0
2372,41449836,0.0
2373,5732717,0.0016661112962345886
2374,31979888,0.0026657780739753416
2375,2136437,0.0013328890369876708
2376,67197305,0.0
2377,15219072,0.005998000666444518
2378,205076866,0.0006664445184938354
2379,6158724,0.0
2380,181729670,0.0
2381,393684585,0.0
2382,481672,0.0006664445184938354
2383,311721708,0.003332222592469177
2384,257759631,0.0
2385,258406803,0.0006664445184938354
2386,349552366,0.0
2387,220928406,0.0006664445184938354
2388,8837527,0.0003332222592469177
2389,163658137,0.0
2390,3165935,0.0006664445184938354
2391,22194586,0.0
2392,21920158,0.0026657780739753416
2393,9099679,0.002999000333222259
2394,29399456,0.0003332222592469177
2395,314145185,0.0
2396,8018338,0.000999666777740753
2397,7727515,0.000999666777740753
2398,20953508,0.0
2399,29252005,0.0003332222592469177
2400,22804903,0.0
2401,137642,0.0
2402,82295217,0.002999000333222259
2403,6502840,0.0
2404,140294559,0.0
2405,253884861,0.007330889703432189
2406,179460542,0.003332222592469177
2407,59079107,0.0013328890369876708
2408,323180996,0.0
2409,382302625,0.0016661112962345886
2410,2365896,0.000999666777740753
2411,412391881,0.000999666777740753
2412,6920651,0.0003332222592469177
2413,407878095,0.0
2414,817618,0.0006664445184938354
2415,28793299,0.0006664445184938354
2416,185547221,0.007330889703432189
2417,26851798,0.0003332222592469177
2418,3250647,0.0
2419,235841956,0.003332222592469177
2420,176585178,0.002332555814728424
2421,257014238,0.0006664445184938354
2422,283171237,0.0
2423,51780064,0.00433188937020993
2424,358128100,0.009663445518160613
2425,365312485,0.0
2426,28228071,0.013662112629123625
2427,410671593,0.003332222592469177
2428,454763602,0.0013328890369876708
2429,440998382,0.0
2430,196852217,0.0
2431,178100730,0.0
2432,18455035,0.001999333555481506
2433,85621245,0.0006664445184938354
2434,3021311,0.0013328890369876708
2435,62216706,0.001999333555481506
2436,11739690,0.0003332222592469177
2437,286882311,0.0
2438,173644296,0.0003332222592469177
2439,261175817,0.0006664445184938354
2440,4340234,0.0013328890369876708
2441,4061707,0.0
2442,244881933,0.0016661112962345886
2443,350255630,0.0
2444,46856722,0.0
2445,3455510,0.000999666777740753
2446,106273303,0.019326891036321226
2447,72146692,0.0
2448,240564763,0.0006664445184938354
2449,842271,0.0003332222592469177
2450,328990470,0.0003332222592469177
2451,43137577,0.0
2452,8395306,0.0
2453,267206521,0.001999333555481506
2454,414767665,0.001999333555481506
2455,7215666,0.0
2456,44071476,0.000999666777740753
2457,157866550,0.012662445851382874
2458,10000951,0.0013328890369876708
2459,152402489,0.009996667777407531
2460,4938298,0.000999666777740753
2461,2710075,0.0013328890369876708
2462,87480893,0.0003332222592469177
2463,52689472,0.0003332222592469177
2464,18201155,0.0
2465,5551201,0.0
2466,32692809,0.0
2467,42965578,0.003332222592469177
2468,11606603,0.0
2469,193837644,0.012662445851382874
2470,303209037,0.0
2471,79821390,0.0
2472,16677455,0.0003332222592469177
2473,32782928,0.000999666777740753
2474,11606611,0.03032322559146951
2475,269245015,0.0003332222592469177
2476,277863001,0.0
2477,760414,0.0
2478,386844571,0.010663112295901367
2479,228998930,0.0016661112962345886
2480,7385539,0.0003332222592469177
2481,345523748,0.0
2482,57023088,0.0
2483,5511794,0.001999333555481506
2484,276623123,0.008330556481172943
2485,35584629,0.0006664445184938354
2486,408354564,0.00433188937020993
2487,44006007,0.007997334221926024
2488,269646456,0.0
2489,3078778,0.0
2490,306395773,0.0003332222592469177
2491,429317189,0.0
2492,9894530,0.0
2493,132291203,0.0
2494,3668612,0.0
2495,7322249,0.0003332222592469177
2496,87620234,0.005331556147950683
2497,75766411,0.003998667110963012
2498,468453826,0.0006664445184938354
2499,269149293,0.0003332222592469177
2500,3414672,0.0003332222592469177
2501,265318168,0.0
2502,42220189,0.012662445851382874
2503,25778850,0.0003332222592469177
2504,473438888,0.002332555814728424
2505,76561065,0.0
2506,241326763,0.00866377874041986
2507,314030767,0.0006664445184938354
2508,4479665,0.0036654448517160947
2509,6027959,0.0
2510,132389562,0.0003332222592469177
2511,8239804,0.0
2512,308746941,0.0006664445184938354
2513,211647172,0.0003332222592469177
2514,359520965,0.0
2515,459897542,0.0016661112962345886
2516,6519497,0.008997000999666778
2517,317340362,0.000999666777740753
2518,328096459,0.0016661112962345886
2519,58710732,0.001999333555481506
2520,43711181,0.0003332222592469177
2521,324942542,0.0
2522,82205391,0.0006664445184938354
2523,235510483,0.0003332222592469177
2524,22018774,0.0
2525,138959576,0.000999666777740753
2526,71520036,0.0006664445184938354
2527,158890714,0.001999333555481506
2528,2415323,0.0026657780739753416
2529,54270686,0.0
2530,213405631,0.0003332222592469177
2531,227318502,0.0
2532,335264488,0.0
2533,333142762,0.0006664445184938354
2534,337599212,0.000999666777740753
2535,187423473,0.0
2536,186359593,0.003332222592469177
2537,139287288,0.0
2538,52017914,0.0003332222592469177
2539,84078379,0.0013328890369876708
2540,227195655,0.0006664445184938354
2541,61537037,0.0
2542,296598288,0.006997667444185272
2543,280124177,0.006331222925691437
2544,138844947,0.0003332222592469177
2545,24656660,0.000999666777740753
2546,5094165,0.0
2547,15334167,0.0
2548,60234521,0.0006664445184938354
2549,5798687,0.0
2550,11451173,0.0
2551,48020263,0.0003332222592469177
2552,43162414,0.0
2553,178535218,0.002332555814728424
2554,424844085,0.0
2555,428379956,0.0003332222592469177
2556,256768829,0.001999333555481506
2557,25320255,0.000999666777740753
2558,235748161,0.016994335221592802
2559,392250507,0.0
2560,423451460,0.003998667110963012
2561,141712199,0.0003332222592469177
2562,867144,0.0
2563,386038602,0.0003332222592469177
2564,136657739,0.0026657780739753416
2565,163019596,0.007664111962679107
2566,19315535,0.0
2567,47225682,0.000999666777740753
2568,338361172,0.0036654448517160947
2569,283908956,0.0016661112962345886
2570,153577882,0.0
2571,211467103,0.001999333555481506
2572,13769568,0.0
2573,6241123,0.0006664445184938354
2574,204503908,0.0003332222592469177
2575,174201702,0.0
2576,371882855,0.000999666777740753
2577,6445931,0.0
2578,242105200,0.003332222592469177
2579,23796593,0.0003332222592469177
2580,38116224,0.0003332222592469177
2581,246435648,0.0
2582,19307395,0.0016661112962345886
2583,35199878,0.003332222592469177
2584,30923658,0.0
2585,16017206,0.0
2586,24132502,0.0003332222592469177
2587,312263833,0.0026657780739753416
2588,320674715,0.0
2589,307059614,0.0013328890369876708
2590,30587808,0.0
2591,501726118,0.0
2592,801704,0.003332222592469177
2593,21396394,0.0006664445184938354
2594,80813,0.02599133622125958
2595,370842557,0.0003332222592469177
2596,10271680,0.001999333555481506
2597,196074433,0.0006664445184938354
2598,97672130,0.0
2599,403446724,0.005664778407197601
2600,116620229,0.0
2601,51092425,0.010996334555148285
2602,2030543,0.011329556814395202
2603,137935825,0.0
2604,173218773,0.0
2605,39058394,0.0006664445184938354
2606,234484090,0.0013328890369876708
2607,189111263,0.01599466844385205
2608,310909920,0.0
2609,53492709,0.002999000333222259
2610,318061544,0.0
2611,467401706,0.000999666777740753
2612,221879280,0.0
2613,116956146,0.0006664445184938354
2614,302398454,0.0016661112962345886
2615,336108535,0.005998000666444518
2616,46906362,0.032989003665444855
2617,216234495,0.003332222592469177
2618,6192127,0.0003332222592469177
2619,367520671,0.004998333888703766
2620,301284357,0.011329556814395202
2621,57359367,0.0
2622,56179720,0.0
2623,309845001,0.0
2624,249854989,0.0
2625,258950317,0.0013328890369876708
2626,83598355,0.0013328890369876708
2627,31292436,0.0
2628,312619669,0.0
2629,517514415,0.000999666777740753
2630,671578,0.0
2631,54631455,0.0003332222592469177
2632,190725154,0.0003332222592469177
2633,116259880,0.0
2634,139493212,0.0003332222592469177
2635,93330474,0.0
2636,1547307,0.0003332222592469177
2637,409541677,0.0036654448517160947
2638,1031216,0.0
2639,150780977,0.0003332222592469177
2640,4168755,0.007997334221926024
2641,316406838,0.0
2642,229907511,0.0003332222592469177
2643,73432121,0.005331556147950683
2644,184319035,0.003332222592469177
2645,219610172,0.00433188937020993
2646,15727680,0.005998000666444518
2647,372030532,0.0
2648,16948293,0.001999333555481506
2649,24337479,0.0
2650,245546056,0.005331556147950683
2651,5823561,0.0013328890369876708
2652,6224970,0.002999000333222259
2653,234470481,0.0
2654,238984274,0.0003332222592469177
2655,47922259,0.0003332222592469177
2656,352787542,0.0
2657,59161689,0.0
2658,410549340,0.0
2659,283573342,0.0
2660,200776801,0.0006664445184938354
2661,26926178,0.0013328890369876708
2662,365280362,0.0003332222592469177
2663,83795053,0.0013328890369876708
2664,55368816,0.006331222925691437
2665,132127862,0.012329223592135955
2666,8559738,0.0
2667,300258495,0.0
2668,203349116,0.0
2669,4430974,0.0026657780739753416
2670,295847104,0.0
2671,404962437,0.0003332222592469177
2672,28818570,0.0
2673,11295890,0.000999666777740753
2674,314915987,0.0
2675,14826645,0.002332555814728424
2676,1359003,0.0
2677,105631,0.0
2678,8240288,0.000999666777740753
2679,485317715,0.0
2680,135021862,0.0006664445184938354
2681,333888681,0.0003332222592469177
2682,26746028,0.0
2683,8092846,0.006664445184938354
2684,335723695,0.0
2685,2800818,0.0
2686,150813875,0.0006664445184938354
2687,32087222,0.002332555814728424
2688,215609098,0.000999666777740753
2689,62389438,0.000999666777740753
2690,67762423,0.0016661112962345886
2691,34651328,0.0013328890369876708
2692,141622467,0.0036654448517160947
2693,1473740,0.0003332222592469177
2694,205102286,0.0
2695,82042067,0.005998000666444518
2696,150306007,0.0006664445184938354
2697,43236575,0.004998333888703766
2698,2776288,0.0006664445184938354
2699,179600256,0.0
2700,449207086,0.0
2701,131792103,0.007330889703432189
2702,66133228,0.001999333555481506
2703,135929072,0.002332555814728424
2704,68258344,0.0
2705,2342131,0.005331556147950683
2706,224304372,0.0003332222592469177
2707,181329143,0.0016661112962345886
2708,2899194,0.0003332222592469177
2709,50117883,0.0
2710,39676458,0.0
2711,3702019,0.0016661112962345886
2712,170602253,0.00866377874041986
2713,302734601,0.0
2714,48659722,0.006664445184938354
2715,189627659,0.004998333888703766
2716,163396880,0.0003332222592469177
2717,158973202,0.0006664445184938354
2718,8543507,0.0006664445184938354
2719,133545236,0.0
2720,397958422,0.0003332222592469177
2721,35904791,0.0013328890369876708
2722,210165016,0.0003332222592469177
2723,177659165,0.0006664445184938354
2724,159903621,0.0003332222592469177
2725,67804452,0.0
2726,281279781,0.002332555814728424
2727,6421799,0.0003332222592469177
2728,302554409,0.0
2729,9952555,0.0003332222592469177
2730,95353394,0.009663445518160613
2731,59350318,0.000999666777740753
2732,10124593,0.010663112295901367
2733,458425566,0.000999666777740753
2734,357465398,0.0
2735,3177783,0.0
2736,40615225,0.0
2737,4134111,0.0036654448517160947
2738,24075584,0.0
2739,393132505,0.0
2740,5840779,0.0003332222592469177
2741,329528351,0.0003332222592469177
2742,74980682,0.0003332222592469177
2743,57916750,0.0003332222592469177
2744,3882319,0.0006664445184938354
2745,45563216,0.010663112295901367
2746,155295058,0.0
2747,216456531,0.0006664445184938354
2748,151223638,0.0
2749,302341465,0.0
2750,293887327,0.0
2751,161570146,0.0
2752,162241083,0.0013328890369876708
2753,7042278,0.0
2754,127434087,0.0
2755,135375122,0.0
2756,49372523,0.000999666777740753
2757,187571568,0.0
2758,34758005,0.0
2759,2080119,0.000999666777740753
2760,119045496,0.0
2761,139509114,0.0
2762,242261379,0.0
2763,7683467,0.0003332222592469177
2764,154131852,0.0
2765,435756430,0.0
2766,199081361,0.0006664445184938354
2767,9035155,0.0
2768,410498954,0.004665111629456848
2769,31456661,0.002999000333222259
2770,281550231,0.0
2771,224394650,0.005998000666444518
2772,818587,0.0006664445184938354
2773,15932829,0.004998333888703766
2774,3890591,0.0003332222592469177
2775,316177827,0.0
2776,30449060,0.007997334221926024
2777,22003110,0.0
2778,241049000,0.0003332222592469177
2779,523689,0.006997667444185272
2780,182233671,0.0003332222592469177
2781,59874741,0.0006664445184938354
2782,182336951,0.0003332222592469177
2783,153157050,0.0
2784,7249339,0.0
2785,239869373,0.002332555814728424
2786,347388491,0.0
2787,7822790,0.0
2788,330923468,0.0
2789,74939854,0.0003332222592469177
2790,204240,0.0006664445184938354
2791,13475282,0.0
2792,10018259,0.0
2793,5135831,0.0003332222592469177
2794,16948696,0.0
2795,15810010,0.009663445518160613
2796,2883036,0.0003332222592469177
2797,182427101,0.0013328890369876708
2798,233602526,0.0
2799,13434335,0.002999000333222259
2800,133324256,0.010663112295901367
2801,27934177,0.0003332222592469177
2802,175365602,0.00866377874041986
2803,351715,0.0003332222592469177
2804,78953956,0.003998667110963012
2805,137169489,0.0
2806,306281961,0.0
2807,227491307,0.0
2808,29182546,0.0
2809,9059824,0.0006664445184938354
2810,171515378,0.003332222592469177
2811,486270010,0.0003332222592469177
2812,39329270,0.0003332222592469177
2813,6479351,0.0006664445184938354
2814,14835192,0.044318560479840056
2815,322878969,0.0006664445184938354
2816,310738429,0.0
2817,61144574,0.0013328890369876708
2818,361717249,0.0003332222592469177
2819,3759618,0.0013328890369876708
2820,177102339,0.0
2821,146568449,0.0
2822,352427529,0.0013328890369876708
2823,23092748,0.0013328890369876708
2824,96583190,0.0003332222592469177
2825,22126104,0.007664111962679107
2826,2178586,0.0
2827,489357231,0.0013328890369876708
2828,459448532,0.0006664445184938354
2829,33095199,0.0006664445184938354
2830,469745185,0.0003332222592469177
2831,134209058,0.0003332222592469177
2832,70819370,0.0
2833,11492909,0.013995334888370544
2834,319118894,0.0
2835,10329649,0.0003332222592469177
2836,377159218,0.0
2837,59883059,0.0003332222592469177
2838,19422776,0.0
2839,2217226,0.0
2840,258825790,0.004998333888703766
2841,286271,0.0
2842,240123457,0.0
2843,34700866,0.002999000333222259
2844,613955,0.0
2845,300711492,0.0
2846,309321287,0.0
2847,36716104,0.0006664445184938354
2848,253263435,0.0006664445184938354
2849,145923663,0.005998000666444518
2850,143621712,0.0003332222592469177
2851,430947924,0.0
2852,361266778,0.0
2853,173707194,0.0
2854,7683678,0.0
2855,8109667,0.0
2856,43916901,0.0
2857,105635434,0.0
2858,401497708,0.0
2859,6356589,0.0
2860,1867376,0.000999666777740753
2861,11992689,0.000999666777740753
2862,47169139,0.0
2863,341005856,0.0
2864,3268213,0.0013328890369876708
2865,10468982,0.000999666777740753
2866,63741562,0.0003332222592469177
2867,68271739,0.0
2868,122117759,0.0003332222592469177
2869,4644480,0.0
2870,434008000,0.0006664445184938354
2871,178978435,0.005664778407197601
2872,202063492,0.0
2873,4054661,0.0006664445184938354
2874,368263,0.0003332222592469177
2875,6487688,0.005664778407197601
2876,264227773,0.0006664445184938354
2877,14098058,0.0006664445184938354
2878,7888523,0.000999666777740753
2879,198090381,0.0003332222592469177
2880,229809806,0.0
2881,364461713,0.002332555814728424
2882,83803795,0.009663445518160613
2883,2203284,0.002999000333222259
2884,370785943,0.0
2885,6397597,0.0
2886,19865541,0.000999666777740753
2887,292445857,0.0
2888,104029858,0.00433188937020993
2889,1883814,0.0
2890,10509993,0.0
2891,74848882,0.0
2892,61685422,0.010663112295901367
2893,18874034,0.0003332222592469177
2894,60312179,0.0003332222592469177
2895,244473526,0.0
2896,337764297,0.0
2897,34266812,0.0003332222592469177
2898,5586621,0.0003332222592469177
2899,4390590,0.0
2900,163068533,0.001999333555481506
2901,138951,0.0026657780739753416
2902,7634633,0.0
2903,7118538,0.0003332222592469177
2904,199532237,0.0006664445184938354
2905,5381843,0.0
2906,200146645,0.000999666777740753
2907,3096282,0.003998667110963012
2908,8396508,0.0003332222592469177
2909,52599418,0.0013328890369876708
2910,26476261,0.0
2911,95928039,0.0
2912,54591210,0.002332555814728424
2913,11321068,0.0006664445184938354
2914,83672814,0.0
2915,252649201,0.0
2916,93896441,0.016994335221592802
2917,371744512,0.0006664445184938354
2918,30553387,0.003998667110963012
2919,32734980,0.0006664445184938354
2920,176517078,0.0016661112962345886
2921,3481350,0.0003332222592469177
2922,199402103,0.0013328890369876708
2923,55254796,0.004998333888703766
2924,54673168,0.0
2925,2883346,0.0006664445184938354
2926,309648003,0.037320893035654785
2927,24058500,0.0013328890369876708
2928,235044634,0.0003332222592469177
2929,13385501,0.0013328890369876708
2930,482008862,0.0006664445184938354
2931,98991905,0.0
2932,348864292,0.0
2933,186236710,0.0013328890369876708
2934,346529575,0.0
2935,13819688,0.0006664445184938354
2936,32505641,0.0006664445184938354
2937,361778,0.000999666777740753
2938,276365103,0.0
2939,167770761,0.0
2940,212991804,0.0006664445184938354
2941,199016253,0.002332555814728424
2942,310682077,0.000999666777740753
2943,385310538,0.0
2944,244375371,0.0013328890369876708
2945,23138771,0.0003332222592469177
2946,142364643,0.0006664445184938354
2947,34881367,0.0
2948,2006874,0.0003332222592469177
2949,34439004,0.0006664445184938354
2950,453771101,0.0003332222592469177
2951,97249690,0.003998667110963012
2952,96165729,0.0
2953,40288098,0.000999666777740753
2954,173670243,0.004998333888703766
2955,226524599,0.0
2956,173989737,0.005331556147950683
2957,5300080,0.0003332222592469177
2958,518020978,0.0
2959,156958581,0.0
2960,424042359,0.0003332222592469177
2961,466809,0.002332555814728424
2962,150904702,0.001999333555481506
2963,22101890,0.0
2964,233881477,0.0003332222592469177
2965,9846663,0.0003332222592469177
2966,332324744,0.001999333555481506
2967,18161547,0.0003332222592469177
2968,206323597,0.0003332222592469177
2969,54321050,0.000999666777740753
2970,100622244,0.0016661112962345886
2971,240148399,0.0016661112962345886
2972,239951797,0.0026657780739753416
2973,108847030,0.0
2974,132972477,0.0
2975,62980037,0.0003332222592469177
2976,111206342,0.001999333555481506
2977,383500231,0.0003332222592469177
2978,3186632,0.0
2979,7143369,0.0
2980,17776586,0.0003332222592469177
2981,39337935,0.0
2982,26009552,0.0003332222592469177
2983,55590865,0.0006664445184938354
2984,21488974,0.019326891036321226
2985,23134166,0.0003332222592469177
2986,454574073,0.0003332222592469177
2987,81882,0.0
2988,179814366,0.0
2989,296607712,0.00433188937020993
2990,68050913,0.003998667110963012
2991,180412386,0.029990003332222594
2992,410615781,0.0
2993,196296678,0.004665111629456848
2994,4620266,0.007664111962679107
2995,4128747,0.0016661112962345886
2996,377993098,0.0
2997,314343410,0.0006664445184938354
2998,8167412,0.0
2999,419852286,0.0
3000,15114233,0.0
3001,1662970,0.0003332222592469177
