,node
0,8265731
1,77561863
2,248012808
3,177520651
4,166297612
5,13721613
6,28917776
7,4104209
8,819228
9,153305119
10,8172838
11,1679396
12,225075312
13,358146090
14,377856044
15,88956978
16,416579635
17,15753269
18,215900217
19,15081530
20,277749821
21,263782465
22,61489220
23,84394054
24,17621065
25,6758474
26,230932555
27,1605717
28,3047513
29,8912990
30,457670757
31,231727206
32,288743528
33,147561
34,329662573
35,144212080
36,76882035
37,124944506
38,2621569
39,99123331
40,77422724
41,143040646
42,253485196
43,5824658
44,216055957
45,13451415
46,372349636
47,13885595
48,133857437
49,183869604
50,251947718
51,13074599
52,282905287
53,253853869
54,112091312
55,70820019
56,148095162
57,64667837
58,100106430
59,457270646
60,9494730
61,9404626
62,213680339
63,152461524
64,622806
65,80610681
66,17907748
67,151601373
68,96878819
69,102310119
70,21889259
71,96076012
72,46719215
73,118497523
74,60178678
75,243949819
76,934141
77,1163518
78,10592513
79,378519819
80,235512078
81,5759249
82,135237678
83,17301783
84,133882136
85,170713369
86,303816987
87,307181767
88,3224965
89,235520288
90,1138980
91,6308134
92,177819697
93,184484136
94,680234
95,290788585
96,358375726
97,283331293
98,310108466
99,1032502
100,154247479
101,220381503
102,454506969
103,146858308
104,29860165
105,6111560
106,70369613
107,256981329
108,2777424
109,2900305
110,901466
111,302793054
112,261528293
113,71909728
114,57139556
115,385530598
116,250577256
117,324788585
118,326254954
119,53780843
120,409586782
121,95674733
122,164634990
123,497254771
124,4358516
125,227242046
126,1868150
127,180855159
128,50233720
129,206856575
130,474956162
131,186040709
132,28664199
133,433578377
134,177255730
135,410249099
136,270733
137,33145236
138,173867418
139,315659752
140,74965408
141,253562003
142,22184361
143,2228656
144,547901512
145,158646713
146,3622021
147,120603078
148,2720199
149,225677388
150,11010509
151,94052814
152,248938961
153,361759186
154,96084435
155,37265882
156,9945564
157,4258554
158,184877534
159,138895839
160,6758880
161,213475
162,394220674
163,22872551
164,199950824
165,3260912
166,2597364
167,218464758
168,101573113
169,99951104
170,8926635
171,20505094
172,349053449
173,17973774
174,2261519
175,38109716
176,253624855
177,263012890
178,31097374
179,163709471
180,8593953
181,329233952
182,13705770
183,14647853
184,2335281
185,39576114
186,198042165
187,454607414
188,21463619
189,271426117
190,141066824
191,356023053
192,382853719
193,57746009
194,13001306
195,20947558
196,72532584
197,1884780
198,301893053
199,17047657
200,42271353
201,4886647
202,179849627
203,159048318
204,372572113
205,13369989
206,104022662
207,1311367
208,5579401
209,918154
210,138592090
211,75752077
212,1507982
213,231662224
214,253534866
215,458629779
216,7373462
217,35168919
218,183771806
219,154267760
220,6374050
221,2146979
222,228287140
223,56758385
224,169789955
225,1049265
226,56517298
227,2081459
228,53732022
229,76104375
230,66962106
231,6010315
232,332112582
233,17195719
234,7553739
235,365945550
236,402129
237,5268178
238,319998755
239,221127384
240,22880986
241,260874971
242,228405370
243,327912229
244,185565924
245,258637722
246,31335150
247,2106095
248,451044080
249,325083890
250,991988
251,226542327
252,6931194
253,21750528
254,24486657
255,229966594
256,9011972
257,21192833
258,112886536
259,459530
260,3293963
261,32744205
262,463938320
263,98698001
264,296193320
265,516883
266,11633428
267,156072750
268,7176983
269,50414368
270,359916321
271,6669091
272,12477222
273,26829615
274,12026678
275,8422201
276,8348478
277,6267711
278,240591680
279,3932995
280,11936582
281,50864977
282,19391320
283,296174427
284,7955292
285,335586145
286,112444259
287,10765158
288,24617832
289,254681961
290,18277227
291,4850540
292,7168878
293,1459055
294,151118704
295,218289640
296,85181301
297,19219319
298,216302457
299,210764666
300,57369467
301,148382588
302,93045629
303,27968383
304,2391514
305,213058725
306,321209218
307,51397509
308,7455625
309,169975959
310,3849
311,2761622
312,56591256
313,141190041
314,100041626
315,290595739
316,301540253
317,38923077
318,187057056
319,248988577
320,86320039
321,238314408
322,10863532
323,66945965
324,256209053
325,180345672
326,179078066
327,40313779
328,94520244
329,21300150
330,272155575
331,152462264
332,92825076
333,78799802
334,19276732
335,1516477
336,2393024
337,169403329
338,168510408
339,84545699
340,21701589
341,177357782
342,721879
343,61236186
344,65264463
345,10511325
346,36602852
347,299137707
348,133440486
349,349856743
350,26764267
351,3974137
352,326170111
353,338268360
354,71091198
355,33375233
356,9421828
357,156218881
358,1328136
359,14861323
360,4883473
361,1803282
362,3220500
363,16704534
364,183682071
365,15909912
366,9126938
367,256694113
368,246365203
369,8995876
370,369632294
371,496092199
372,7496748
373,394290
374,259744820
375,281142325
376,136830202
377,380814394
378,244357983
379,389547069
380,339305534
381,172262464
382,49480773
383,394028110
384,89031761
385,20276306
386,45089876
387,450643030
388,9384121
389,265905240
390,66511961
391,3908698
392,347276380
393,232637545
394,402793580
395,35079277
396,361358446
397,194774128
398,341542002
399,258212982
400,351798391
401,459424890
402,343770238
403,7644287
404,2450560
405,44994752
406,46302339
407,41526405
408,259933323
409,471561633
410,339395731
411,71165076
412,13755541
413,7750807
414,9405593
415,155501722
416,99487
417,300975268
418,5637285
419,1967271
420,12043434
421,329663659
422,7005356
423,14075053
424,57328814
425,178480303
426,156550321
427,325887155
428,432211486
429,273867958
430,372876473
431,16245948
432,261014720
433,314737857
434,270632130
435,266159306
436,350980983
437,35160889
438,1115342
439,370279633
440,182494422
441,88238969
442,60695768
443,3523801
444,8234205
445,54101214
446,429073632
447,144778468
448,771304
449,80733419
450,417252593
451,80241908
452,361940216
453,226328788
454,1271036
455,5080319
456,23528705
457,935172
458,3121366
459,168830215
460,10470667
461,18097420
462,207316241
463,10786350
464,229917979
465,7832862
466,110904609
467,3499301
468,3310886
469,11257127
470,14837036
471,2499890
472,11560244
473,2557240
474,2819387
475,56263996
476,362306442
477,2737471
478,190711106
479,3376453
480,90420791
481,20473166
482,182027603
483,17663316
484,261211478
485,28067160
486,325264733
487,181069150
488,264455519
489,41616745
490,69043563
491,230633704
492,188441970
493,19015028
494,267470197
495,927094
496,159114616
497,28198265
498,7390588
499,164488573
500,92646293
501,116336001
502,225133954
503,231775126
504,142648710
505,5981579
506,218681581
507,2303379
508,1779095
509,274494276
510,171328921
511,257786095
512,106440092
513,14951841
514,329131428
515,11473137
516,20587944
517,166684079
518,24847793
519,9774518
520,221727647
521,109471165
522,185935294
523,11888064
524,95083424
525,297526724
526,199198149
527,183248328
528,100902346
529,171107787
530,27239884
531,123413971
532,226903508
533,9831896
534,335005146
535,60261851
536,37889500
537,29484509
538,411109
539,278442260
540,507442769
541,215247783
542,479330557
543,58006440
544,124519923
545,787956
546,104596981
547,81847801
548,77907451
549,22906366
550,32957951
551,16180741
552,204023304
553,135054857
554,189193133
555,238339894
556,68060694
557,1533464
558,575002
559,378398
560,117070671
561,244934180
562,75302
563,13723178
564,24860253
565,389098419
566,417244727
567,24610362
568,288319035
569,935484
570,208643646
571,22464064
572,226346592
573,163964489
574,441116236
575,19686989
576,251758165
577,87811674
578,152045148
579,64407134
580,43550303
581,337504
582,103884386
583,176162403
584,197305956
585,17507943
586,21284457
587,13813357
588,24839790
589,6825583
590,327378545
591,134973042
592,13977205
593,3286646
594,324470377
595,316810872
596,3633428
597,13706874
598,128018047
599,4368001
600,334903882
601,346818182
602,325158536
603,283068042
604,183334509
605,198537496
606,146900626
607,271173267
608,287270872
609,224519831
610,145417881
611,310871707
612,281335408
613,47400610
614,5670567
615,8210091
616,21456556
617,217392815
618,425337118
619,57763512
620,2069931
621,13280958
622,399982880
623,329416
624,316360394
625,30435019
626,16369356
627,152757965
628,174853652
629,18867920
630,510797667
631,3696339
632,192251605
633,68765399
634,92800729
635,240592602
636,13739747
637,219875044
638,142885158
639,308160234
640,235794727
641,114853612
642,71166930
643,64317171
644,392914676
645,2377461
646,375932664
647,294962938
648,207595259
649,201819902
650,24790789
651,172287617
652,11003659
653,358819596
654,1697549
655,363700525
656,116501
657,250619671
658,53651229
659,151234334
660,92022559
661,32589601
662,154887970
663,50841379
664,7898923
665,192055087
666,15951664
667,197928756
668,85403445
669,30869302
670,191711036
671,20743998
672,500795200
673,348800834
674,4204364
675,1869645
676,115500887
677,4772154
678,249062777
679,24135522
680,183035747
681,174573412
682,26265445
683,8980326
684,148490087
685,280995688
686,5375852
687,10096
688,230213489
689,36194165
690,8136572
691,241190782
692,240617345
693,2320260
694,206145413
695,234699142
696,40519559
697,1058696
698,23078793
699,55363467
700,7686032
701,231516052
702,169281434
703,138790811
704,247056288
705,215967713
706,681896
707,3368874
708,165803
709,369641390
710,171354036
711,234612664
712,197093307
713,177645501
714,216311742
715,8955839
716,33818560
717,78153666
718,139716548
719,10807237
720,276916166
721,227821511
722,134784968
723,286246858
724,141797323
725,5285836
726,150669261
727,157738961
728,86509522
729,11732947
730,36300760
731,24291295
732,136308705
733,133093
734,2852840
735,6842345
736,8587242
737,345442286
738,4147183
739,176523249
740,135161851
741,96503804
742,248612861
743,4188158
744,10249
745,8955914
746,6531086
747,81078287
748,57927073
749,92284947
750,16328726
751,147466263
752,335644696
753,254948066
754,72001563
755,457730076
756,65505313
757,22186020
758,64710693
759,155276979
760,17131572
761,2754615
762,15304761
763,132786235
764,253086730
765,1042495
766,18901061
767,40675398
768,299083847
769,55167049
770,98306123
771,2369614
772,9912
773,219490394
774,49260638
775,182446175
776,16787556
777,18925672
778,327067754
779,208062571
780,475981933
781,8169584
782,18073713
783,233798675
784,335497332
785,88762046
786,3634899
787,23144569
788,272304251
789,13658236
790,200968318
791,184748161
792,205719685
793,499634807
794,16640143
795,583827
796,7473303
797,220588185
798,94809114
799,163195038
800,20392095
801,20801697
802,8104099
803,222587044
804,180947109
805,641190
806,52013225
807,199403690
808,365643947
809,1427628
810,29927598
811,7874736
812,173697208
813,4335804
814,356342247
815,8136894
816,18918432
817,389428939
818,205777093
819,25462984
820,301852882
821,151424035
822,220189050
823,154446046
824,159869151
825,430680292
826,1330215
827,55363825
828,99715314
829,16156915
830,5523702
831,76507384
832,9890042
833,220348799
834,2238717
835,8562945
836,6310146
837,9840901
838,5679366
839,237029639
840,2672914
841,155724052
842,180463894
843,68126999
844,22595864
845,508847834
846,274042851
847,294234400
848,133531938
849,83790116
850,2648367
851,141920560
852,15698228
853,472230201
854,329488095
855,96241981
856,278284606
857,636640
858,327426443
859,140224842
860,296700235
861,42699086
862,86288719
863,731473
864,226925625
865,66718041
866,281659739
867,234703198
868,70527327
869,8579427
870,2222439
871,323488106
872,104778094
873,217211940
874,137742713
875,159164795
876,163154300
877,230771070
878,7858562
879,382707435
880,478906758
881,28109193
882,147999116
883,190260973
884,90466705
885,1952148
886,265488789
887,14559639
888,241912217
889,19188122
890,1034651
891,131623324
892,5876125
893,104098207
894,19335585
895,9791908
896,8038824
897,15927726
898,435608668
899,120089010
900,365875614
901,176826807
902,100723129
903,34335165
904,1132277
905,170863041
906,189163970
907,185944517
908,451527711
909,463497673
910,94120394
911,222087627
912,135588302
913,359484493
914,11913686
915,1182168
916,65882585
917,345010230
918,68151774
919,23554527
920,262088982
921,90638820
922,175975505
923,3385835
924,250259948
925,389114350
926,12823023
927,18565618
928,102067283
929,59075060
930,506038784
931,5622274
932,10807811
933,58239494
934,392705793
935,276711945
936,162122261
937,185388121
938,299010584
939,2378270
940,179317282
941,322083
942,14576168
943,4450857
944,26094122
945,267504171
946,37169709
947,264858160
948,4188721
949,15624754
950,14879283
951,324315701
952,194639627
953,2763332
954,281579958
955,338987590
956,240199
957,170423148
958,235588172
959,168057954
960,3745549
961,21080656
962,71346769
963,412242
964,10963539
965,169331285
966,296430170
967,317409884
968,12470877
969,279034042
970,311783867
971,312904292
972,256158311
973,66218606
974,361114225
975,64588403
976,133751
977,101255805
978,18344578
979,192817801
980,202656398
981,166660751
982,300198544
983,3320465
984,463299
985,11094684
986,250759837
987,44034724
988,9161382
989,11012779
990,142584492
991,388180653
992,29305520
993,6802101
994,330640054
995,406530747
996,231494090
997,247171774
998,19827391
999,205785792
1000,173240450
1001,13829921
1002,188607178
1003,182063216
1004,215767
1005,199641817
1006,248859354
1007,108178140
1008,176941789
1009,81062624
1010,199158498
1011,73329379
1012,34720489
1013,267684587
1014,231477714
1015,14488019
1016,14150389
1017,148286201
1018,90528155
1019,3541760
1020,427617025
1021,187673346
1022,369896197
1023,420170503
1024,408775442
1025,153717523
1026,70855444
1027,382539660
1028,2214685
1029,141256496
1030,2796322
1031,157479387
1032,301157157
1033,214485799
1034,323570474
1035,53300012
1036,206359343
1037,225553201
1038,8792886
1039,386956426
1040,2616129
1041,54373187
1042,50326341
1043,30559049
1044,20933453
1045,193096529
1046,403589971
1047,243141468
1048,7342941
1049,13871967
1050,5811043
1051,22162280
1052,160172905
1053,28099047
1054,7539565
1055,201780082
1056,152456051
1057,164473716
1058,197593975
1059,199420792
1060,32344953
1061,8948604
1062,169704922
1063,279128962
1064,16575365
1065,120064902
1066,501771147
1067,168299404
1068,253930381
1069,31673235
1070,10742677
1071,319875992
1072,250383261
1073,223450717
1074,3247007
1075,173695472
1076,14789539
1077,214895525
1078,168192935
1079,13195079
1080,57920429
1081,1878958
1082,232958897
1083,347695849
1084,14338995
1085,1911736
1086,315105780
1087,7449532
1088,13732797
1089,245756405
1090,376213359
1091,222915745
1092,8735691
1093,239166265
1094,345319582
1095,134532047
1096,2509778
1097,27020244
1098,207159801
1099,1092568
1100,1084378
1101,175442907
1102,75467740
1103,214043613
1104,330877919
1105,20343776
1106,153258977
1107,3083430
1108,242002920
1109,341920745
1110,3165168
1111,16796657
1112,2608114
1113,481728846
1114,74984440
1115,9718777
1116,321589759
1117,243960828
1118,120024074
1119,108399627
1120,60582926
1121,253578255
1122,327437328
1123,90168494
1124,156044313
1125,6351898
1126,17878048
1127,36867107
1128,64195621
1129,14584871
1130,5147690
1131,270307847
1132,335924268
1133,39816237
1134,282799150
1135,306620253
1136,373148732
1137,267646322
1138,15871042
1139,190965830
1140,307833928
1141,11955273
1142,1027146
1143,192632674
1144,199380046
1145,166423631
1146,206924880
1147,10579025
1148,4951123
1149,2468948
1150,120671321
1151,234400859
1152,14806110
1153,7498847
1154,20401248
1155,66202727
1156,14748776
1157,214068329
1158,289909871
1159,420673384
1160,7957620
1161,801982
1162,67038330
1163,3869819
1164,256232580
1165,2739333
1166,63663238
1167,16641162
1168,288224025
1169,18828433
1170,98962579
1171,489360537
1172,1485978
1173,202962799
1174,11922588
1175,7023777
1176,335802907
1177,724133
1178,10398886
1179,3468455
1180,47492276
1181,295043614
1182,450612406
1183,95620279
1184,409565044
1185,1543354
1186,30698683
1187,7335101
1188,13692094
1189,130172789
1190,339136
1191,117206209
1192,215919810
1193,175951047
1194,7539918
1195,243275640
1196,1305823
1197,205745376
1198,183397602
1199,205769955
1200,169905381
1201,150899942
1202,138464487
1203,3828969
1204,224554219
1205,3861744
1206,789745
1207,287558898
1208,307739859
1209,23129334
1210,172700201
1211,4689146
1212,14945531
1213,5475581
1214,135318782
1215,259714303
1216,246533376
1217,3239170
1218,180980996
1219,73616645
1220,6892806
1221,63401227
1222,427093262
1223,56651024
1224,139106102
1225,137489686
1226,28052759
1227,5401880
1228,242476933
1229,27307298
1230,60493094
1231,224718120
1232,20368681
1233,33738027
1234,34606385
1235,328109363
1236,16665912
1237,8301881
1238,61353275
1239,192400701
1240,98069822
1241,136490303
1242,326829963
1243,142799414
1244,39587142
1245,4607305
1246,155512141
1247,297381201
1248,32058708
1249,84159829
1250,2207062
1251,238169431
1252,5066075
1253,3714397
1254,156462433
1255,55094627
1256,159537914
1257,153128763
1258,24268139
1259,198956946
1260,115584368
1261,433245556
1262,3050874
1263,8433021
1264,185724287
1265,277722179
1266,419442053
1267,16813453
1268,32656784
1269,78352963
1270,299268998
1271,302083479
1272,143355288
1273,196821159
1274,69024
1275,106057121
1276,3853730
1277,140438947
1278,8064241
1279,257585102
1280,14413225
1281,15347121
1282,195603895
1283,151612861
1284,15117760
1285,313101761
1286,167587266
1287,6933956
1288,320056777
1289,442682826
1290,444829132
1291,354766287
1292,4083153
1293,172895700
1294,50515417
1295,4263389
1296,439479776
1297,40873441
1298,150077149
1299,232834455
1300,55193064
1301,248116642
1302,260582890
1303,37350891
1304,32484847
1305,339441
1306,49901042
1307,71781876
1308,249834998
1309,34622973
1310,17542659
1311,21057032
1312,50425354
1313,6385163
1314,25513484
1315,2682383
1316,274059501
1317,77073937
1318,158289426
1319,152145428
1320,40971803
1321,384918106
1322,6868511
1323,51416611
1324,341634600
1325,176737837
1326,20262447
1327,303574583
1328,69021240
1329,15904320
1330,174345793
1331,3173954
1332,198270219
1333,17116741
1334,408399436
1335,28896847
1336,306712145
1337,121351764
1338,59657813
1339,1797725
1340,21769488
1341,14661563
1342,182334054
1343,322260583
1344,527904361
1345,6598251
1346,45461100
1347,185634417
1348,230436470
1349,82882168
1350,38522489
1351,73295807
1352,68300412
1353,4198014
1354,98076350
1355,2877376
1356,82088567
1357,209088140
1358,1202114
1359,98815634
1360,302362261
1361,306327192
1362,9744028
1363,414690974
1364,269446820
1365,23531175
1366,40849064
1367,176435312
1368,14298795
1369,223522476
1370,49598125
1371,22028950
1372,402472221
1373,240643760
1374,207253171
1375,12127926
1376,192319163
1377,35063045
1378,9416391
1379,211888076
1380,7217783
1381,317331975
1382,147508949
1383,7483094
1384,218742052
1385,30142170
1386,211332827
1387,338620615
1388,177434337
1389,5631716
1390,136195366
1391,104861415
1392,59305706
1393,58601195
1394,282348
1395,2682607
1396,9522929
1397,16551666
1398,11235063
1399,8228604
1400,76951293
1401,29904645
1402,12365574
1403,50777865
1404,5451530
1405,3084045
1406,405264
1407,16406488
1408,2912019
1409,23846190
1410,2084630
1411,4632344
1412,499775476
1413,6049568
1414,10579748
1415,87821617
1416,78688043
1417,23621420
1418,294785316
1419,8959965
1420,28888883
1421,248049460
1422,128577339
1423,334283402
1424,2387776
1425,451014470
1426,16838471
1427,133082956
1428,57634638
1429,7728976
1430,3362642
1431,139112276
1432,9138009
1433,21442399
1434,10522471
1435,6344554
1436,10131431
1437,279211884
1438,176967535
1439,209235826
1440,289073129
1441,174706552
1442,239349627
1443,5263231
1444,54731414
1445,44781447
1446,193736585
1447,255971991
1448,320237452
1449,55938959
1450,216543121
1451,28020626
1452,5902227
1453,30748568
1454,3993
1455,2060187
1456,524454049
1457,82677665
1458,82242886
1459,407777192
1460,135270319
1461,651188
1462,282903198
1463,138497975
1464,311252980
1465,71675834
1466,7794620
1467,19386303
1468,11087808
1469,322858957
1470,76763086
1471,3551184
1472,96399318
1473,287954937
1474,360463695
1475,8343516
1476,31895517
1477,249823
1478,194154466
1479,18419683
1480,399585252
1481,107958245
1482,227265617
1483,30019559
1484,108015592
1485,152631292
1486,408019623
1487,66007022
1488,2181032
1489,402140500
1490,12701694
1491,13889536
1492,90558473
1493,284479500
1494,313029293
1495,225296
1496,2155937
1497,21499925
1498,207745047
1499,99848216
1500,6090778
1501,93392924
1502,138612765
1503,262647839
1504,503131
1505,403722278
1506,405543
1507,138833961
1508,332197930
1509,132616235
1510,215289900
1511,4649650
1512,107360302
1513,7196721
1514,463425588
1515,26628150
1516,151808009
1517,11702328
1518,230191164
1519,6680638
1520,9351234
1521,15618120
1522,15151177
1523,140775498
1524,3059787
1525,192126107
1526,450719512
1527,17854543
1528,14004308
1529,20385877
1530,165548118
1531,423047255
1532,320028044
1533,201855074
1534,351490148
1535,453824618
1536,25145456
1537,1511537
1538,526381170
1539,197283955
1540,3166327
1541,36769914
1542,472633467
1543,46387324
1544,18731138
1545,14758021
1546,262345727
1547,341480754
1548,227340432
1549,230105795
1550,23924884
1551,37539989
1552,224262170
1553,9629855
1554,206237040
1555,473780386
1556,12914851
1557,487591
1558,38645929
1559,31938589
1560,4903097
1561,118970
1562,373690559
1563,291008
1564,433971915
1565,60461252
1566,27226309
1567,66719943
1568,217518280
1569,53451
1570,183636174
1571,143634639
1572,148877520
1573,383217876
1574,210604252
1575,276548986
1576,178497573
1577,151048416
1578,116846824
1579,34861290
1580,205779181
1581,33386735
1582,4870385
1583,921842
1584,116732149
1585,360558838
1586,354586877
1587,347230464
1588,2298114
1589,266744067
1590,122401030
1591,211546375
1592,166031626
1593,20640011
1594,337940749
1595,37327118
1596,8933650
1597,117125395
1598,2314516
1599,32354582
1600,26464536
1601,360724527
1602,86298909
1603,452444891
1604,17240356
1605,19960102
1606,189600039
1607,4075817
1608,49819948
1609,155570484
1610,43200823
1611,227379252
1612,823610
1613,49008956
1614,17396032
1615,15642949
1616,408842566
1617,18075975
1618,2273609
1619,267359749
1620,160526669
1621,291630477
1622,224287013
1623,9556315
1624,5657317
1625,35107170
1626,201019750
1627,152695153
1628,2765170
1629,2527608
1630,6885754
1631,136769920
1632,63738242
1633,202519275
1634,6132100
1635,413331853
1636,17592718
1637,30241169
1638,36434324
1639,1954198
1640,125776279
1641,177951128
1642,23327130
1643,86811375
1644,287199646
1645,101921519
1646,12251553
1647,53020742
1648,6754727
1649,337315911
1650,156193199
1651,11309494
1652,410708041
1653,95847156
1654,11170235
1655,93712831
1656,42193347
1657,168096502
1658,5272010
1659,36245970
1660,11547091
1661,2437588
1662,167637464
1663,3256795
1664,255742429
1665,64885220
1666,437144999
1667,321188332
1668,62280179
1669,1094133
1670,11719160
1671,384315900
1672,14430718
1673,8925695
1674,17027591
1675,370913800
1676,442585609
1677,295391755
1678,3256846
1679,4739599
1680,76681750
1681,3158555
1682,5231135
1683,172618273
1684,35246629
1685,137835049
1686,226095659
1687,282338056
1688,297669173
1689,83923510
1690,331452986
1691,116228874
1692,21066306
1693,7868995
1694,1806917
1695,65352264
1696,239529121
1697,30667339
1698,61870670
1699,3764819
1700,8925782
1701,3576410
1702,229880411
1703,429923979
1704,321352285
1705,61911650
1706,12710499
1707,200176228
1708,11407974
1709,8802921
1710,24949356
1711,243995245
1712,16167538
1713,220779123
1714,285215557
1715,8016503
1716,145834772
1717,365179
1718,123785852
1719,279571687
1720,212554368
1721,154636931
1722,88568004
1723,4742
1724,133034635
1725,72462988
1726,33837711
1727,131986064
1728,97792658
1729,112726677
1730,59298455
1731,65884828
1732,319672989
1733,7074462
1734,42611364
1735,4862630
1736,69063335
1737,1307306
1738,10007211
1739,124826284
1740,296874669
1741,104575773
1742,14774962
1743,269824693
1744,417133239
1745,147280624
1746,329339582
1747,9958082
1748,5755587
1749,635591
1750,224252620
1751,296374993
1752,48870101
1753,6845142
1754,63181528
1755,4952794
1756,291548
1757,221216208
1758,203704598
1759,378312827
1760,7361253
1761,24982311
1762,200990162
1763,50705135
1764,3511024
1765,24892145
1766,20763381
1767,7623414
1768,337425143
1769,3838713
1770,3314427
1771,11154173
1772,147739390
1773,248509189
1774,62083848
1775,374051593
1776,326893015
1777,8188687
1778,57578261
1779,227433951
1780,4821783
1781,117265177
1782,4567835
1783,42816285
1784,29897506
1785,218821411
1786,3552037
1787,267154214
1788,55489319
1789,234746664
1790,167768873
1791,244276701
1792,301863730
1793,258870
1794,94286651
1795,447294
1796,219493183
1797,240549344
1798,197137220
1799,7631670
1800,222219746
1801,11039566
1802,268096342
1803,13292375
1804,189700239
1805,294335329
1806,100365115
1807,14177126
1808,339112807
1809,6673260
1810,58872685
1811,271225711
1812,352931304
1813,15340402
1814,28529470
1815,493491065
1816,80667455
1817,416469885
1818,98923390
1819,2364287
1820,4166529
1821,7639938
1822,121196011
1823,10246294
1824,135082889
1825,8901518
1826,168883092
1827,418976661
1828,3011478
1829,38220695
1830,234296132
1831,235326959
1832,393515936
1833,152763888
1834,374993826
1835,115856291
1836,17068970
1837,30264818
1838,255817885
1839,204862388
1840,267189
1841,209359798
1842,245584823
1843,357922976
1844,396525046
1845,27235271
1846,296973256
1847,211656183
1848,197350350
1849,222313976
1850,185013207
1851,88036313
1852,291525594
1853,82654175
1854,238179298
1855,354382819
1856,316142565
1857,5354471
1858,52106216
1859,177361901
1860,117068782
1861,14291952
1862,265753586
1863,37934079
1864,374526976
1865,1307652
1866,42497034
1867,177542156
1868,55139842
1869,303883096
1870,424965139
1871,21528
1872,19665949
1873,54604830
1874,12686367
1875,3060770
1876,1405988
1877,5592103
1878,23041067
1879,418599983
1880,15627312
1881,19149873
1882,75166772
1883,117543990
1884,6804536
1885,248910906
1886,74355771
1887,3503169
1888,2831427
1889,155276358
1890,17364040
1891,36459593
1892,175141973
1893,61584470
1894,4764761
1895,118543451
1896,236057693
1897,1365086
1898,42964065
1899,131613542
1900,24532070
1901,10703975
1902,190224572
1903,30848110
1904,519402613
1905,7009401
1906,219722874
1907,6395004
1908,10073214
1909,46650498
1910,12460907
1911,71824517
1912,172577927
1913,10752876
1914,185741065
1915,29848722
1916,133618600
1917,35787924
1918,134259566
1919,188372118
1920,151532696
1921,142013593
1922,166089882
1923,20681883
1924,201260570
1925,190645104
1926,557716644
1927,453984483
1928,170841257
1929,22238378
1930,2331819
1931,3232940
1932,1750190
1933,190297268
1934,343856310
1935,133797047
1936,145019765
1937,379630787
1938,178541765
1939,347944134
1940,453549602
1941,122705119
1942,18281679
1943,52450512
1944,96253139
1945,221762772
1946,5010654
1947,2954463
1948,105829243
1949,5051622
1950,149460199
1951,6730985
1952,175215853
1953,6567151
1954,205526256
1955,450237681
1956,4912370
1957,156136696
1958,295040250
1959,119108479
1960,107640060
1961,292599039
1962,318076160
1963,24089857
1964,6059266
1965,13653258
1966,121206028
1967,339037741
1968,292648208
1969,210031891
1970,106763544
1971,173806874
1972,4560155
1973,246478112
1974,87741732
1975,102012197
1976,1348902
1977,205026599
1978,55416107
1979,234886447
1980,169145648
1981,7918898
1982,227988787
1983,315938103
1984,242119997
1985,5846336
1986,282670402
1987,321174318
1988,116487492
1989,214766920
1990,238474570
1991,130037070
1992,340038991
1993,4560208
1994,23795025
1995,234091862
1996,290002264
1997,10425689
1998,28489052
1999,371504479
2000,16364896
2001,202773858
2002,11744611
2003,84325737
2004,19387754
2005,269473132
2006,424695149
2007,1949245
2008,118166898
2009,203953527
2010,281597305
2011,315848063
2012,232789379
2013,1217925
2014,313457030
2015,289920393
2016,123663255
2017,166227522
2018,9311632
2019,412259731
2020,256604690
2021,4126104
2022,460805531
2023,3665477
2024,217585056
2025,8123809
2026,9123234
2027,344765339
2028,354309540
2029,295277989
2030,19805606
2031,5428651
2032,61535662
2033,339867055
2034,1971635
2035,17921463
2036,351907906
2037,395400635
2038,212891069
2039,59602373
2040,488961478
2041,291705761
2042,213185992
2043,6149578
2044,14489035
2045,451175924
2046,167564750
2047,31126992
2048,155448786
2049,27391445
2050,16192989
2051,461829598
2052,156915173
2053,96450024
2054,31561193
2055,168654314
2056,285584656
2057,9614833
2058,386610676
2059,243709432
2060,103806459
2061,56653308
2062,6174205
2063,8146517
2064,12809729
2065,30119426
2066,38262276
2067,6747653
2068,379713030
2069,186201319
2070,397129227
2071,267823247
2072,25638418
2073,12490262
2074,29513241
2075,5305882
2076,286201372
2077,294119685
2078,36025888
2079,9213476
2080,23746094
2081,136787503
2082,234731057
2083,2733618
2084,131883955
2085,8918583
2086,209196600
2087,497505204
2088,2651706
2089,2741173
2090,19674689
2091,442996293
2092,8656454
2093,54498897
2094,511071827
2095,13842006
2096,2045527
2097,38499932
2098,42743389
2099,4085342
2100,350656096
2101,19404385
2102,12105314
2103,123614819
2104,355689227
2105,99238844
2106,9213546
2107,44034322
2108,18380400
2109,36591221
2110,88544886
2111,424654457
2112,38188667
2113,66950783
2114,336926320
2115,5584517
2116,4339336
2117,53106313
2118,471643786
2119,376105239
2120,549295760
2121,253048467
2122,126424728
2123,218764953
2124,46102175
2125,3659432
2126,7829161
2127,174642119
2128,299857583
2129,144414387
2130,63870644
2131,199120567
2132,251090620
2133,58455742
2134,293304608
2135,273716937
2136,155367115
2137,258250446
2138,13022931
2139,497369
2140,63194
2141,350779099
2142,166082271
2143,939744
2144,177758320
2145,1382121
2146,19150571
2147,4265710
2148,168343282
2149,73619187
2150,342857462
2151,443479800
2152,3938043
2153,91643520
2154,351246083
2155,8935179
2156,12523283
2157,7075604
2158,291027228
2159,105305160
2160,13653787
2161,28137244
2162,364279581
2163,54286110
2164,81525617
2165,265657363
2166,338306011
2167,31577893
2168,22599462
2169,377403177
2170,6035243
2171,389248723
2172,7313206
2173,15595322
2174,162731835
2175,88356671
2176,210026123
2177,298112837
2178,40343367
2179,1800009
2180,57677642
2181,359956099
2182,24794965
2183,349763897
2184,372941796
2185,396203867
2186,3766113
2187,98383714
2188,192845667
2189,194467684
2190,14956389
2191,9402216
2192,197588847
2193,165427057
2194,32274291
2195,20412276
2196,178329464
2197,207353725
2198,3979136
2199,226834310
2200,375166856
2201,18691978
2202,140202777
2203,32274754
2204,33134479
2205,11687825
2206,11876242
2207,171448212
2208,199219094
2209,164968355
2210,268564388
2211,172873644
2212,14858163
2213,295819188
2214,379312054
2215,24483769
2216,361895866
2217,5201567
2218,434010442
2219,19568576
2220,6821826
2221,28366792
2222,677834
2223,362428363
2224,112172706
2225,193956174
2226,17709016
2227,279427034
2228,413833179
2229,65132509
2230,48543713
2231,22042595
2232,28985681
2233,278384295
2234,1308660
2235,203785214
2236,34535416
2237,255522809
2238,134010875
2239,33478652
2240,383145982
2241,5191680
2242,286076587
2243,29825028
2244,235525
2245,10372097
2246,327890952
2247,178526220
2248,214726673
2249,3979283
2250,138078553
2251,13490202
2252,12113949
2253,104479
2254,35526688
2255,145618977
2256,180320291
2257,155129892
2258,12662826
2259,105576491
2260,341049010
2261,352926045
2262,24729648
2263,1620017
2264,201381940
2265,5060661
2266,249845814
2267,141006903
2268,1169465
2269,198367294
2270,301013058
2271,301439043
2272,3496009
2273,66304074
2274,149977163
2275,402421836
2276,5855312
2277,45996116
2278,5022679
2279,346617861
2280,70326370
2281,44931171
2282,2914407
2283,191510635
2284,2332780
2285,451311727
2286,75339890
2287,27801715
2288,86007486
2289,331626614
2290,226255892
2291,1964154
2292,290823871
2293,345954430
2294,137672836
2295,132651142
2296,330766471
2297,9246859
2298,126048396
2299,9058447
2300,289257617
2301,73922707
2302,6150294
2303,58554519
2304,337246360
2305,30827546
2306,14760095
2307,36542624
2308,198759276
2309,180091044
2310,16971944
2311,201693354
2312,10164398
2313,189700271
2314,2422960
2315,2889906
2316,158357684
2317,74586295
2318,27498682
2319,9509051
2320,60889276
2321,194642813
2322,2537676
2323,417741542
2324,362862802
2325,93157589
2326,473305
2327,194345178
2328,110827743
2329,348633315
2330,28047588
2331,2037992
2332,9722090
2333,225728748
2334,317110509
2335,54786288
2336,142891250
2337,27613431
2338,183130369
2339,226695432
2340,176511244
2341,12507405
2342,155572496
2343,333003026
2344,63936791
2345,230373660
2346,57858334
2347,13957408
2348,196712737
2349,2005285
2350,336697642
2351,31996207
2352,410089777
2353,169269555
2354,330434953
2355,308182266
2356,23755067
2357,20388162
2358,322550086
2359,302242122
2360,136067403
2361,15898958
2362,138197329
2363,497965395
2364,178198868
2365,239109369
2366,103930204
2367,334443578
2368,162691423
2369,348438327
2370,237115750
2371,155777385
2372,41449836
2373,5732717
2374,31979888
2375,2136437
2376,67197305
2377,15219072
2378,205076866
2379,6158724
2380,181729670
2381,393684585
2382,481672
2383,311721708
2384,257759631
2385,258406803
2386,349552366
2387,220928406
2388,8837527
2389,163658137
2390,3165935
2391,22194586
2392,21920158
2393,9099679
2394,29399456
2395,314145185
2396,8018338
2397,7727515
2398,20953508
2399,29252005
2400,22804903
2401,137642
2402,82295217
2403,6502840
2404,140294559
2405,253884861
2406,179460542
2407,59079107
2408,323180996
2409,382302625
2410,2365896
2411,412391881
2412,6920651
2413,407878095
2414,817618
2415,28793299
2416,185547221
2417,26851798
2418,3250647
2419,235841956
2420,176585178
2421,257014238
2422,283171237
2423,51780064
2424,358128100
2425,365312485
2426,28228071
2427,410671593
2428,454763602
2429,440998382
2430,196852217
2431,178100730
2432,18455035
2433,85621245
2434,3021311
2435,62216706
2436,11739690
2437,286882311
2438,173644296
2439,261175817
2440,4340234
2441,4061707
2442,244881933
2443,350255630
2444,46856722
2445,3455510
2446,106273303
2447,72146692
2448,240564763
2449,842271
2450,328990470
2451,43137577
2452,8395306
2453,267206521
2454,414767665
2455,7215666
2456,44071476
2457,157866550
2458,10000951
2459,152402489
2460,4938298
2461,2710075
2462,87480893
2463,52689472
2464,18201155
2465,5551201
2466,32692809
2467,42965578
2468,11606603
2469,193837644
2470,303209037
2471,79821390
2472,16677455
2473,32782928
2474,11606611
2475,269245015
2476,277863001
2477,760414
2478,386844571
2479,228998930
2480,7385539
2481,345523748
2482,57023088
2483,5511794
2484,276623123
2485,35584629
2486,408354564
2487,44006007
2488,269646456
2489,3078778
2490,306395773
2491,429317189
2492,9894530
2493,132291203
2494,3668612
2495,7322249
2496,87620234
2497,75766411
2498,468453826
2499,269149293
2500,3414672
2501,265318168
2502,42220189
2503,25778850
2504,473438888
2505,76561065
2506,241326763
2507,314030767
2508,4479665
2509,6027959
2510,132389562
2511,8239804
2512,308746941
2513,211647172
2514,359520965
2515,459897542
2516,6519497
2517,317340362
2518,328096459
2519,58710732
2520,43711181
2521,324942542
2522,82205391
2523,235510483
2524,22018774
2525,138959576
2526,71520036
2527,158890714
2528,2415323
2529,54270686
2530,213405631
2531,227318502
2532,335264488
2533,333142762
2534,337599212
2535,187423473
2536,186359593
2537,139287288
2538,52017914
2539,84078379
2540,227195655
2541,61537037
2542,296598288
2543,280124177
2544,138844947
2545,24656660
2546,5094165
2547,15334167
2548,60234521
2549,5798687
2550,11451173
2551,48020263
2552,43162414
2553,178535218
2554,424844085
2555,428379956
2556,256768829
2557,25320255
2558,235748161
2559,392250507
2560,423451460
2561,141712199
2562,867144
2563,386038602
2564,136657739
2565,163019596
2566,19315535
2567,47225682
2568,338361172
2569,283908956
2570,153577882
2571,211467103
2572,13769568
2573,6241123
2574,204503908
2575,174201702
2576,371882855
2577,6445931
2578,242105200
2579,23796593
2580,38116224
2581,246435648
2582,19307395
2583,35199878
2584,30923658
2585,16017206
2586,24132502
2587,312263833
2588,320674715
2589,307059614
2590,30587808
2591,501726118
2592,801704
2593,21396394
2594,80813
2595,370842557
2596,10271680
2597,196074433
2598,97672130
2599,403446724
2600,116620229
2601,51092425
2602,2030543
2603,137935825
2604,173218773
2605,39058394
2606,234484090
2607,189111263
2608,310909920
2609,53492709
2610,318061544
2611,467401706
2612,221879280
2613,116956146
2614,302398454
2615,336108535
2616,46906362
2617,216234495
2618,6192127
2619,367520671
2620,301284357
2621,57359367
2622,56179720
2623,309845001
2624,249854989
2625,258950317
2626,83598355
2627,31292436
2628,312619669
2629,517514415
2630,671578
2631,54631455
2632,190725154
2633,116259880
2634,139493212
2635,93330474
2636,1547307
2637,409541677
2638,1031216
2639,150780977
2640,4168755
2641,316406838
2642,229907511
2643,73432121
2644,184319035
2645,219610172
2646,15727680
2647,372030532
2648,16948293
2649,24337479
2650,245546056
2651,5823561
2652,6224970
2653,234470481
2654,238984274
2655,47922259
2656,352787542
2657,59161689
2658,410549340
2659,283573342
2660,200776801
2661,26926178
2662,365280362
2663,83795053
2664,55368816
2665,132127862
2666,8559738
2667,300258495
2668,203349116
2669,4430974
2670,295847104
2671,404962437
2672,28818570
2673,11295890
2674,314915987
2675,14826645
2676,1359003
2677,105631
2678,8240288
2679,485317715
2680,135021862
2681,333888681
2682,26746028
2683,8092846
2684,335723695
2685,2800818
2686,150813875
2687,32087222
2688,215609098
2689,62389438
2690,67762423
2691,34651328
2692,141622467
2693,1473740
2694,205102286
2695,82042067
2696,150306007
2697,43236575
2698,2776288
2699,179600256
2700,449207086
2701,131792103
2702,66133228
2703,135929072
2704,68258344
2705,2342131
2706,224304372
2707,181329143
2708,2899194
2709,50117883
2710,39676458
2711,3702019
2712,170602253
2713,302734601
2714,48659722
2715,189627659
2716,163396880
2717,158973202
2718,8543507
2719,133545236
2720,397958422
2721,35904791
2722,210165016
2723,177659165
2724,159903621
2725,67804452
2726,281279781
2727,6421799
2728,302554409
2729,9952555
2730,95353394
2731,59350318
2732,10124593
2733,458425566
2734,357465398
2735,3177783
2736,40615225
2737,4134111
2738,24075584
2739,393132505
2740,5840779
2741,329528351
2742,74980682
2743,57916750
2744,3882319
2745,45563216
2746,155295058
2747,216456531
2748,151223638
2749,302341465
2750,293887327
2751,161570146
2752,162241083
2753,7042278
2754,127434087
2755,135375122
2756,49372523
2757,187571568
2758,34758005
2759,2080119
2760,119045496
2761,139509114
2762,242261379
2763,7683467
2764,154131852
2765,435756430
2766,199081361
2767,9035155
2768,410498954
2769,31456661
2770,281550231
2771,224394650
2772,818587
2773,15932829
2774,3890591
2775,316177827
2776,30449060
2777,22003110
2778,241049000
2779,523689
2780,182233671
2781,59874741
2782,182336951
2783,153157050
2784,7249339
2785,239869373
2786,347388491
2787,7822790
2788,330923468
2789,74939854
2790,204240
2791,13475282
2792,10018259
2793,5135831
2794,16948696
2795,15810010
2796,2883036
2797,182427101
2798,233602526
2799,13434335
2800,133324256
2801,27934177
2802,175365602
2803,351715
2804,78953956
2805,137169489
2806,306281961
2807,227491307
2808,29182546
2809,9059824
2810,171515378
2811,486270010
2812,39329270
2813,6479351
2814,14835192
2815,322878969
2816,310738429
2817,61144574
2818,361717249
2819,3759618
2820,177102339
2821,146568449
2822,352427529
2823,23092748
2824,96583190
2825,22126104
2826,2178586
2827,489357231
2828,459448532
2829,33095199
2830,469745185
2831,134209058
2832,70819370
2833,11492909
2834,319118894
2835,10329649
2836,377159218
2837,59883059
2838,19422776
2839,2217226
2840,258825790
2841,286271
2842,240123457
2843,34700866
2844,613955
2845,300711492
2846,309321287
2847,36716104
2848,253263435
2849,145923663
2850,143621712
2851,430947924
2852,361266778
2853,173707194
2854,7683678
2855,8109667
2856,43916901
2857,105635434
2858,401497708
2859,6356589
2860,1867376
2861,11992689
2862,47169139
2863,341005856
2864,3268213
2865,10468982
2866,63741562
2867,68271739
2868,122117759
2869,4644480
2870,434008000
2871,178978435
2872,202063492
2873,4054661
2874,368263
2875,6487688
2876,264227773
2877,14098058
2878,7888523
2879,198090381
2880,229809806
2881,364461713
2882,83803795
2883,2203284
2884,370785943
2885,6397597
2886,19865541
2887,292445857
2888,104029858
2889,1883814
2890,10509993
2891,74848882
2892,61685422
2893,18874034
2894,60312179
2895,244473526
2896,337764297
2897,34266812
2898,5586621
2899,4390590
2900,163068533
2901,138951
2902,7634633
2903,7118538
2904,199532237
2905,5381843
2906,200146645
2907,3096282
2908,8396508
2909,52599418
2910,26476261
2911,95928039
2912,54591210
2913,11321068
2914,83672814
2915,252649201
2916,93896441
2917,371744512
2918,30553387
2919,32734980
2920,176517078
2921,3481350
2922,199402103
2923,55254796
2924,54673168
2925,2883346
2926,309648003
2927,24058500
2928,235044634
2929,13385501
2930,482008862
2931,98991905
2932,348864292
2933,186236710
2934,346529575
2935,13819688
2936,32505641
2937,361778
2938,276365103
2939,167770761
2940,212991804
2941,199016253
2942,310682077
2943,385310538
2944,244375371
2945,23138771
2946,142364643
2947,34881367
2948,2006874
2949,34439004
2950,453771101
2951,97249690
2952,96165729
2953,40288098
2954,173670243
2955,226524599
2956,173989737
2957,5300080
2958,518020978
2959,156958581
2960,424042359
2961,466809
2962,150904702
2963,22101890
2964,233881477
2965,9846663
2966,332324744
2967,18161547
2968,206323597
2969,54321050
2970,100622244
2971,240148399
2972,239951797
2973,108847030
2974,132972477
2975,62980037
2976,111206342
2977,383500231
2978,3186632
2979,7143369
2980,17776586
2981,39337935
2982,26009552
2983,55590865
2984,21488974
2985,23134166
2986,454574073
2987,81882
2988,179814366
2989,296607712
2990,68050913
2991,180412386
2992,410615781
2993,196296678
2994,4620266
2995,4128747
2996,377993098
2997,314343410
2998,8167412
2999,419852286
3000,15114233
3001,1662970
